[0.146s] DEBUG:colcon:Command line arguments: ['/usr/bin/colcon', 'build']
[0.146s] DEBUG:colcon:Parsed command line arguments: Namespace(log_base=None, log_level=None, verb_name='build', build_base='build', install_base='install', merge_install=False, symlink_install=False, test_result_base=None, continue_on_error=False, executor='parallel', parallel_workers=8, event_handlers=None, ignore_user_meta=False, metas=['./colcon.meta'], base_paths=['.'], packages_ignore=None, packages_ignore_regex=None, paths=None, packages_up_to=None, packages_up_to_regex=None, packages_above=None, packages_above_and_dependencies=None, packages_above_depth=None, packages_select_by_dep=None, packages_skip_by_dep=None, packages_skip_up_to=None, packages_select_build_failed=False, packages_skip_build_finished=False, packages_select_test_failures=False, packages_skip_test_passed=False, packages_select=None, packages_skip=None, packages_select_regex=None, packages_skip_regex=None, packages_start=None, packages_end=None, allow_overriding=[], cmake_args=None, cmake_target=None, cmake_target_skip_unavailable=False, cmake_clean_cache=False, cmake_clean_first=False, cmake_force_configure=False, ament_cmake_args=None, catkin_cmake_args=None, catkin_skip_building_tests=False, mixin_files=None, mixin=None, verb_parser=<colcon_mixin.mixin.mixin_argument.MixinArgumentDecorator object at 0x7e97bab45c30>, verb_extension=<colcon_core.verb.build.BuildVerb object at 0x7e97bab45660>, main=<bound method BuildVerb.main of <colcon_core.verb.build.BuildVerb object at 0x7e97bab45660>>, mixin_verb=('build',))
[0.413s] Level 1:colcon.colcon_core.package_discovery:discover_packages(colcon_meta) check parameters
[0.413s] Level 1:colcon.colcon_core.package_discovery:discover_packages(recursive) check parameters
[0.413s] Level 1:colcon.colcon_core.package_discovery:discover_packages(ignore) check parameters
[0.413s] Level 1:colcon.colcon_core.package_discovery:discover_packages(path) check parameters
[0.413s] Level 1:colcon.colcon_core.package_discovery:discover_packages(colcon_meta) discover
[0.413s] Level 1:colcon.colcon_core.package_discovery:discover_packages(recursive) discover
[0.413s] INFO:colcon.colcon_core.package_discovery:Crawling recursively for packages in '/home/tony/25_ws'
[0.413s] Level 1:colcon.colcon_core.package_identification:_identify(.) by extensions ['ignore', 'ignore_ament_install']
[0.413s] Level 1:colcon.colcon_core.package_identification:_identify(.) by extension 'ignore'
[0.413s] Level 1:colcon.colcon_core.package_identification:_identify(.) by extension 'ignore_ament_install'
[0.413s] Level 1:colcon.colcon_core.package_identification:_identify(.) by extensions ['colcon_pkg']
[0.413s] Level 1:colcon.colcon_core.package_identification:_identify(.) by extension 'colcon_pkg'
[0.413s] Level 1:colcon.colcon_core.package_identification:_identify(.) by extensions ['colcon_meta']
[0.413s] Level 1:colcon.colcon_core.package_identification:_identify(.) by extension 'colcon_meta'
[0.413s] Level 1:colcon.colcon_core.package_identification:_identify(.) by extensions ['ros']
[0.413s] Level 1:colcon.colcon_core.package_identification:_identify(.) by extension 'ros'
[0.422s] Level 1:colcon.colcon_core.package_identification:_identify(.) by extensions ['cmake', 'python']
[0.422s] Level 1:colcon.colcon_core.package_identification:_identify(.) by extension 'cmake'
[0.422s] Level 1:colcon.colcon_core.package_identification:_identify(.) by extension 'python'
[0.422s] Level 1:colcon.colcon_core.package_identification:_identify(.) by extensions ['python_setup_py']
[0.422s] Level 1:colcon.colcon_core.package_identification:_identify(.) by extension 'python_setup_py'
[0.422s] Level 1:colcon.colcon_core.package_identification:_identify(build) by extensions ['ignore', 'ignore_ament_install']
[0.423s] Level 1:colcon.colcon_core.package_identification:_identify(build) by extension 'ignore'
[0.423s] Level 1:colcon.colcon_core.package_identification:_identify(build) ignored
[0.423s] Level 1:colcon.colcon_core.package_identification:_identify(dataset) by extensions ['ignore', 'ignore_ament_install']
[0.423s] Level 1:colcon.colcon_core.package_identification:_identify(dataset) by extension 'ignore'
[0.423s] Level 1:colcon.colcon_core.package_identification:_identify(dataset) by extension 'ignore_ament_install'
[0.423s] Level 1:colcon.colcon_core.package_identification:_identify(dataset) by extensions ['colcon_pkg']
[0.423s] Level 1:colcon.colcon_core.package_identification:_identify(dataset) by extension 'colcon_pkg'
[0.423s] Level 1:colcon.colcon_core.package_identification:_identify(dataset) by extensions ['colcon_meta']
[0.423s] Level 1:colcon.colcon_core.package_identification:_identify(dataset) by extension 'colcon_meta'
[0.423s] Level 1:colcon.colcon_core.package_identification:_identify(dataset) by extensions ['ros']
[0.423s] Level 1:colcon.colcon_core.package_identification:_identify(dataset) by extension 'ros'
[0.423s] Level 1:colcon.colcon_core.package_identification:_identify(dataset) by extensions ['cmake', 'python']
[0.423s] Level 1:colcon.colcon_core.package_identification:_identify(dataset) by extension 'cmake'
[0.423s] Level 1:colcon.colcon_core.package_identification:_identify(dataset) by extension 'python'
[0.423s] Level 1:colcon.colcon_core.package_identification:_identify(dataset) by extensions ['python_setup_py']
[0.423s] Level 1:colcon.colcon_core.package_identification:_identify(dataset) by extension 'python_setup_py'
[0.423s] Level 1:colcon.colcon_core.package_identification:_identify(dataset/runs) by extensions ['ignore', 'ignore_ament_install']
[0.423s] Level 1:colcon.colcon_core.package_identification:_identify(dataset/runs) by extension 'ignore'
[0.423s] Level 1:colcon.colcon_core.package_identification:_identify(dataset/runs) by extension 'ignore_ament_install'
[0.423s] Level 1:colcon.colcon_core.package_identification:_identify(dataset/runs) by extensions ['colcon_pkg']
[0.423s] Level 1:colcon.colcon_core.package_identification:_identify(dataset/runs) by extension 'colcon_pkg'
[0.423s] Level 1:colcon.colcon_core.package_identification:_identify(dataset/runs) by extensions ['colcon_meta']
[0.423s] Level 1:colcon.colcon_core.package_identification:_identify(dataset/runs) by extension 'colcon_meta'
[0.424s] Level 1:colcon.colcon_core.package_identification:_identify(dataset/runs) by extensions ['ros']
[0.424s] Level 1:colcon.colcon_core.package_identification:_identify(dataset/runs) by extension 'ros'
[0.424s] Level 1:colcon.colcon_core.package_identification:_identify(dataset/runs) by extensions ['cmake', 'python']
[0.424s] Level 1:colcon.colcon_core.package_identification:_identify(dataset/runs) by extension 'cmake'
[0.424s] Level 1:colcon.colcon_core.package_identification:_identify(dataset/runs) by extension 'python'
[0.424s] Level 1:colcon.colcon_core.package_identification:_identify(dataset/runs) by extensions ['python_setup_py']
[0.424s] Level 1:colcon.colcon_core.package_identification:_identify(dataset/runs) by extension 'python_setup_py'
[0.424s] Level 1:colcon.colcon_core.package_identification:_identify(dataset/runs/detect) by extensions ['ignore', 'ignore_ament_install']
[0.424s] Level 1:colcon.colcon_core.package_identification:_identify(dataset/runs/detect) by extension 'ignore'
[0.424s] Level 1:colcon.colcon_core.package_identification:_identify(dataset/runs/detect) by extension 'ignore_ament_install'
[0.424s] Level 1:colcon.colcon_core.package_identification:_identify(dataset/runs/detect) by extensions ['colcon_pkg']
[0.424s] Level 1:colcon.colcon_core.package_identification:_identify(dataset/runs/detect) by extension 'colcon_pkg'
[0.424s] Level 1:colcon.colcon_core.package_identification:_identify(dataset/runs/detect) by extensions ['colcon_meta']
[0.424s] Level 1:colcon.colcon_core.package_identification:_identify(dataset/runs/detect) by extension 'colcon_meta'
[0.424s] Level 1:colcon.colcon_core.package_identification:_identify(dataset/runs/detect) by extensions ['ros']
[0.424s] Level 1:colcon.colcon_core.package_identification:_identify(dataset/runs/detect) by extension 'ros'
[0.424s] Level 1:colcon.colcon_core.package_identification:_identify(dataset/runs/detect) by extensions ['cmake', 'python']
[0.424s] Level 1:colcon.colcon_core.package_identification:_identify(dataset/runs/detect) by extension 'cmake'
[0.424s] Level 1:colcon.colcon_core.package_identification:_identify(dataset/runs/detect) by extension 'python'
[0.424s] Level 1:colcon.colcon_core.package_identification:_identify(dataset/runs/detect) by extensions ['python_setup_py']
[0.424s] Level 1:colcon.colcon_core.package_identification:_identify(dataset/runs/detect) by extension 'python_setup_py'
[0.424s] Level 1:colcon.colcon_core.package_identification:_identify(dataset/runs/detect/train) by extensions ['ignore', 'ignore_ament_install']
[0.424s] Level 1:colcon.colcon_core.package_identification:_identify(dataset/runs/detect/train) by extension 'ignore'
[0.424s] Level 1:colcon.colcon_core.package_identification:_identify(dataset/runs/detect/train) by extension 'ignore_ament_install'
[0.424s] Level 1:colcon.colcon_core.package_identification:_identify(dataset/runs/detect/train) by extensions ['colcon_pkg']
[0.425s] Level 1:colcon.colcon_core.package_identification:_identify(dataset/runs/detect/train) by extension 'colcon_pkg'
[0.425s] Level 1:colcon.colcon_core.package_identification:_identify(dataset/runs/detect/train) by extensions ['colcon_meta']
[0.425s] Level 1:colcon.colcon_core.package_identification:_identify(dataset/runs/detect/train) by extension 'colcon_meta'
[0.425s] Level 1:colcon.colcon_core.package_identification:_identify(dataset/runs/detect/train) by extensions ['ros']
[0.425s] Level 1:colcon.colcon_core.package_identification:_identify(dataset/runs/detect/train) by extension 'ros'
[0.425s] Level 1:colcon.colcon_core.package_identification:_identify(dataset/runs/detect/train) by extensions ['cmake', 'python']
[0.425s] Level 1:colcon.colcon_core.package_identification:_identify(dataset/runs/detect/train) by extension 'cmake'
[0.425s] Level 1:colcon.colcon_core.package_identification:_identify(dataset/runs/detect/train) by extension 'python'
[0.425s] Level 1:colcon.colcon_core.package_identification:_identify(dataset/runs/detect/train) by extensions ['python_setup_py']
[0.425s] Level 1:colcon.colcon_core.package_identification:_identify(dataset/runs/detect/train) by extension 'python_setup_py'
[0.425s] Level 1:colcon.colcon_core.package_identification:_identify(dataset/runs/detect/train/weights) by extensions ['ignore', 'ignore_ament_install']
[0.425s] Level 1:colcon.colcon_core.package_identification:_identify(dataset/runs/detect/train/weights) by extension 'ignore'
[0.425s] Level 1:colcon.colcon_core.package_identification:_identify(dataset/runs/detect/train/weights) by extension 'ignore_ament_install'
[0.425s] Level 1:colcon.colcon_core.package_identification:_identify(dataset/runs/detect/train/weights) by extensions ['colcon_pkg']
[0.425s] Level 1:colcon.colcon_core.package_identification:_identify(dataset/runs/detect/train/weights) by extension 'colcon_pkg'
[0.425s] Level 1:colcon.colcon_core.package_identification:_identify(dataset/runs/detect/train/weights) by extensions ['colcon_meta']
[0.425s] Level 1:colcon.colcon_core.package_identification:_identify(dataset/runs/detect/train/weights) by extension 'colcon_meta'
[0.425s] Level 1:colcon.colcon_core.package_identification:_identify(dataset/runs/detect/train/weights) by extensions ['ros']
[0.425s] Level 1:colcon.colcon_core.package_identification:_identify(dataset/runs/detect/train/weights) by extension 'ros'
[0.425s] Level 1:colcon.colcon_core.package_identification:_identify(dataset/runs/detect/train/weights) by extensions ['cmake', 'python']
[0.425s] Level 1:colcon.colcon_core.package_identification:_identify(dataset/runs/detect/train/weights) by extension 'cmake'
[0.425s] Level 1:colcon.colcon_core.package_identification:_identify(dataset/runs/detect/train/weights) by extension 'python'
[0.425s] Level 1:colcon.colcon_core.package_identification:_identify(dataset/runs/detect/train/weights) by extensions ['python_setup_py']
[0.425s] Level 1:colcon.colcon_core.package_identification:_identify(dataset/runs/detect/train/weights) by extension 'python_setup_py'
[0.425s] Level 1:colcon.colcon_core.package_identification:_identify(dataset/runs/detect/train2) by extensions ['ignore', 'ignore_ament_install']
[0.425s] Level 1:colcon.colcon_core.package_identification:_identify(dataset/runs/detect/train2) by extension 'ignore'
[0.426s] Level 1:colcon.colcon_core.package_identification:_identify(dataset/runs/detect/train2) by extension 'ignore_ament_install'
[0.426s] Level 1:colcon.colcon_core.package_identification:_identify(dataset/runs/detect/train2) by extensions ['colcon_pkg']
[0.426s] Level 1:colcon.colcon_core.package_identification:_identify(dataset/runs/detect/train2) by extension 'colcon_pkg'
[0.426s] Level 1:colcon.colcon_core.package_identification:_identify(dataset/runs/detect/train2) by extensions ['colcon_meta']
[0.426s] Level 1:colcon.colcon_core.package_identification:_identify(dataset/runs/detect/train2) by extension 'colcon_meta'
[0.426s] Level 1:colcon.colcon_core.package_identification:_identify(dataset/runs/detect/train2) by extensions ['ros']
[0.426s] Level 1:colcon.colcon_core.package_identification:_identify(dataset/runs/detect/train2) by extension 'ros'
[0.426s] Level 1:colcon.colcon_core.package_identification:_identify(dataset/runs/detect/train2) by extensions ['cmake', 'python']
[0.426s] Level 1:colcon.colcon_core.package_identification:_identify(dataset/runs/detect/train2) by extension 'cmake'
[0.426s] Level 1:colcon.colcon_core.package_identification:_identify(dataset/runs/detect/train2) by extension 'python'
[0.426s] Level 1:colcon.colcon_core.package_identification:_identify(dataset/runs/detect/train2) by extensions ['python_setup_py']
[0.426s] Level 1:colcon.colcon_core.package_identification:_identify(dataset/runs/detect/train2) by extension 'python_setup_py'
[0.426s] Level 1:colcon.colcon_core.package_identification:_identify(dataset/runs/detect/train3) by extensions ['ignore', 'ignore_ament_install']
[0.426s] Level 1:colcon.colcon_core.package_identification:_identify(dataset/runs/detect/train3) by extension 'ignore'
[0.426s] Level 1:colcon.colcon_core.package_identification:_identify(dataset/runs/detect/train3) by extension 'ignore_ament_install'
[0.426s] Level 1:colcon.colcon_core.package_identification:_identify(dataset/runs/detect/train3) by extensions ['colcon_pkg']
[0.426s] Level 1:colcon.colcon_core.package_identification:_identify(dataset/runs/detect/train3) by extension 'colcon_pkg'
[0.426s] Level 1:colcon.colcon_core.package_identification:_identify(dataset/runs/detect/train3) by extensions ['colcon_meta']
[0.426s] Level 1:colcon.colcon_core.package_identification:_identify(dataset/runs/detect/train3) by extension 'colcon_meta'
[0.426s] Level 1:colcon.colcon_core.package_identification:_identify(dataset/runs/detect/train3) by extensions ['ros']
[0.426s] Level 1:colcon.colcon_core.package_identification:_identify(dataset/runs/detect/train3) by extension 'ros'
[0.426s] Level 1:colcon.colcon_core.package_identification:_identify(dataset/runs/detect/train3) by extensions ['cmake', 'python']
[0.426s] Level 1:colcon.colcon_core.package_identification:_identify(dataset/runs/detect/train3) by extension 'cmake'
[0.426s] Level 1:colcon.colcon_core.package_identification:_identify(dataset/runs/detect/train3) by extension 'python'
[0.426s] Level 1:colcon.colcon_core.package_identification:_identify(dataset/runs/detect/train3) by extensions ['python_setup_py']
[0.426s] Level 1:colcon.colcon_core.package_identification:_identify(dataset/runs/detect/train3) by extension 'python_setup_py'
[0.427s] Level 1:colcon.colcon_core.package_identification:_identify(dataset/runs/detect/train3/weights) by extensions ['ignore', 'ignore_ament_install']
[0.427s] Level 1:colcon.colcon_core.package_identification:_identify(dataset/runs/detect/train3/weights) by extension 'ignore'
[0.427s] Level 1:colcon.colcon_core.package_identification:_identify(dataset/runs/detect/train3/weights) by extension 'ignore_ament_install'
[0.427s] Level 1:colcon.colcon_core.package_identification:_identify(dataset/runs/detect/train3/weights) by extensions ['colcon_pkg']
[0.427s] Level 1:colcon.colcon_core.package_identification:_identify(dataset/runs/detect/train3/weights) by extension 'colcon_pkg'
[0.427s] Level 1:colcon.colcon_core.package_identification:_identify(dataset/runs/detect/train3/weights) by extensions ['colcon_meta']
[0.427s] Level 1:colcon.colcon_core.package_identification:_identify(dataset/runs/detect/train3/weights) by extension 'colcon_meta'
[0.427s] Level 1:colcon.colcon_core.package_identification:_identify(dataset/runs/detect/train3/weights) by extensions ['ros']
[0.427s] Level 1:colcon.colcon_core.package_identification:_identify(dataset/runs/detect/train3/weights) by extension 'ros'
[0.427s] Level 1:colcon.colcon_core.package_identification:_identify(dataset/runs/detect/train3/weights) by extensions ['cmake', 'python']
[0.427s] Level 1:colcon.colcon_core.package_identification:_identify(dataset/runs/detect/train3/weights) by extension 'cmake'
[0.427s] Level 1:colcon.colcon_core.package_identification:_identify(dataset/runs/detect/train3/weights) by extension 'python'
[0.427s] Level 1:colcon.colcon_core.package_identification:_identify(dataset/runs/detect/train3/weights) by extensions ['python_setup_py']
[0.427s] Level 1:colcon.colcon_core.package_identification:_identify(dataset/runs/detect/train3/weights) by extension 'python_setup_py'
[0.427s] Level 1:colcon.colcon_core.package_identification:_identify(dataset/train) by extensions ['ignore', 'ignore_ament_install']
[0.427s] Level 1:colcon.colcon_core.package_identification:_identify(dataset/train) by extension 'ignore'
[0.427s] Level 1:colcon.colcon_core.package_identification:_identify(dataset/train) by extension 'ignore_ament_install'
[0.427s] Level 1:colcon.colcon_core.package_identification:_identify(dataset/train) by extensions ['colcon_pkg']
[0.427s] Level 1:colcon.colcon_core.package_identification:_identify(dataset/train) by extension 'colcon_pkg'
[0.427s] Level 1:colcon.colcon_core.package_identification:_identify(dataset/train) by extensions ['colcon_meta']
[0.427s] Level 1:colcon.colcon_core.package_identification:_identify(dataset/train) by extension 'colcon_meta'
[0.427s] Level 1:colcon.colcon_core.package_identification:_identify(dataset/train) by extensions ['ros']
[0.427s] Level 1:colcon.colcon_core.package_identification:_identify(dataset/train) by extension 'ros'
[0.427s] Level 1:colcon.colcon_core.package_identification:_identify(dataset/train) by extensions ['cmake', 'python']
[0.427s] Level 1:colcon.colcon_core.package_identification:_identify(dataset/train) by extension 'cmake'
[0.427s] Level 1:colcon.colcon_core.package_identification:_identify(dataset/train) by extension 'python'
[0.428s] Level 1:colcon.colcon_core.package_identification:_identify(dataset/train) by extensions ['python_setup_py']
[0.428s] Level 1:colcon.colcon_core.package_identification:_identify(dataset/train) by extension 'python_setup_py'
[0.428s] Level 1:colcon.colcon_core.package_identification:_identify(dataset/train/images) by extensions ['ignore', 'ignore_ament_install']
[0.428s] Level 1:colcon.colcon_core.package_identification:_identify(dataset/train/images) by extension 'ignore'
[0.428s] Level 1:colcon.colcon_core.package_identification:_identify(dataset/train/images) by extension 'ignore_ament_install'
[0.428s] Level 1:colcon.colcon_core.package_identification:_identify(dataset/train/images) by extensions ['colcon_pkg']
[0.428s] Level 1:colcon.colcon_core.package_identification:_identify(dataset/train/images) by extension 'colcon_pkg'
[0.428s] Level 1:colcon.colcon_core.package_identification:_identify(dataset/train/images) by extensions ['colcon_meta']
[0.428s] Level 1:colcon.colcon_core.package_identification:_identify(dataset/train/images) by extension 'colcon_meta'
[0.428s] Level 1:colcon.colcon_core.package_identification:_identify(dataset/train/images) by extensions ['ros']
[0.428s] Level 1:colcon.colcon_core.package_identification:_identify(dataset/train/images) by extension 'ros'
[0.428s] Level 1:colcon.colcon_core.package_identification:_identify(dataset/train/images) by extensions ['cmake', 'python']
[0.428s] Level 1:colcon.colcon_core.package_identification:_identify(dataset/train/images) by extension 'cmake'
[0.428s] Level 1:colcon.colcon_core.package_identification:_identify(dataset/train/images) by extension 'python'
[0.428s] Level 1:colcon.colcon_core.package_identification:_identify(dataset/train/images) by extensions ['python_setup_py']
[0.428s] Level 1:colcon.colcon_core.package_identification:_identify(dataset/train/images) by extension 'python_setup_py'
[0.428s] Level 1:colcon.colcon_core.package_identification:_identify(dataset/train/labels) by extensions ['ignore', 'ignore_ament_install']
[0.429s] Level 1:colcon.colcon_core.package_identification:_identify(dataset/train/labels) by extension 'ignore'
[0.429s] Level 1:colcon.colcon_core.package_identification:_identify(dataset/train/labels) by extension 'ignore_ament_install'
[0.429s] Level 1:colcon.colcon_core.package_identification:_identify(dataset/train/labels) by extensions ['colcon_pkg']
[0.429s] Level 1:colcon.colcon_core.package_identification:_identify(dataset/train/labels) by extension 'colcon_pkg'
[0.429s] Level 1:colcon.colcon_core.package_identification:_identify(dataset/train/labels) by extensions ['colcon_meta']
[0.429s] Level 1:colcon.colcon_core.package_identification:_identify(dataset/train/labels) by extension 'colcon_meta'
[0.429s] Level 1:colcon.colcon_core.package_identification:_identify(dataset/train/labels) by extensions ['ros']
[0.429s] Level 1:colcon.colcon_core.package_identification:_identify(dataset/train/labels) by extension 'ros'
[0.429s] Level 1:colcon.colcon_core.package_identification:_identify(dataset/train/labels) by extensions ['cmake', 'python']
[0.429s] Level 1:colcon.colcon_core.package_identification:_identify(dataset/train/labels) by extension 'cmake'
[0.429s] Level 1:colcon.colcon_core.package_identification:_identify(dataset/train/labels) by extension 'python'
[0.429s] Level 1:colcon.colcon_core.package_identification:_identify(dataset/train/labels) by extensions ['python_setup_py']
[0.429s] Level 1:colcon.colcon_core.package_identification:_identify(dataset/train/labels) by extension 'python_setup_py'
[0.429s] Level 1:colcon.colcon_core.package_identification:_identify(dataset/val) by extensions ['ignore', 'ignore_ament_install']
[0.429s] Level 1:colcon.colcon_core.package_identification:_identify(dataset/val) by extension 'ignore'
[0.429s] Level 1:colcon.colcon_core.package_identification:_identify(dataset/val) by extension 'ignore_ament_install'
[0.429s] Level 1:colcon.colcon_core.package_identification:_identify(dataset/val) by extensions ['colcon_pkg']
[0.429s] Level 1:colcon.colcon_core.package_identification:_identify(dataset/val) by extension 'colcon_pkg'
[0.429s] Level 1:colcon.colcon_core.package_identification:_identify(dataset/val) by extensions ['colcon_meta']
[0.429s] Level 1:colcon.colcon_core.package_identification:_identify(dataset/val) by extension 'colcon_meta'
[0.429s] Level 1:colcon.colcon_core.package_identification:_identify(dataset/val) by extensions ['ros']
[0.429s] Level 1:colcon.colcon_core.package_identification:_identify(dataset/val) by extension 'ros'
[0.429s] Level 1:colcon.colcon_core.package_identification:_identify(dataset/val) by extensions ['cmake', 'python']
[0.429s] Level 1:colcon.colcon_core.package_identification:_identify(dataset/val) by extension 'cmake'
[0.429s] Level 1:colcon.colcon_core.package_identification:_identify(dataset/val) by extension 'python'
[0.429s] Level 1:colcon.colcon_core.package_identification:_identify(dataset/val) by extensions ['python_setup_py']
[0.429s] Level 1:colcon.colcon_core.package_identification:_identify(dataset/val) by extension 'python_setup_py'
[0.430s] Level 1:colcon.colcon_core.package_identification:_identify(dataset/val/images) by extensions ['ignore', 'ignore_ament_install']
[0.430s] Level 1:colcon.colcon_core.package_identification:_identify(dataset/val/images) by extension 'ignore'
[0.430s] Level 1:colcon.colcon_core.package_identification:_identify(dataset/val/images) by extension 'ignore_ament_install'
[0.430s] Level 1:colcon.colcon_core.package_identification:_identify(dataset/val/images) by extensions ['colcon_pkg']
[0.430s] Level 1:colcon.colcon_core.package_identification:_identify(dataset/val/images) by extension 'colcon_pkg'
[0.430s] Level 1:colcon.colcon_core.package_identification:_identify(dataset/val/images) by extensions ['colcon_meta']
[0.430s] Level 1:colcon.colcon_core.package_identification:_identify(dataset/val/images) by extension 'colcon_meta'
[0.430s] Level 1:colcon.colcon_core.package_identification:_identify(dataset/val/images) by extensions ['ros']
[0.430s] Level 1:colcon.colcon_core.package_identification:_identify(dataset/val/images) by extension 'ros'
[0.430s] Level 1:colcon.colcon_core.package_identification:_identify(dataset/val/images) by extensions ['cmake', 'python']
[0.430s] Level 1:colcon.colcon_core.package_identification:_identify(dataset/val/images) by extension 'cmake'
[0.430s] Level 1:colcon.colcon_core.package_identification:_identify(dataset/val/images) by extension 'python'
[0.430s] Level 1:colcon.colcon_core.package_identification:_identify(dataset/val/images) by extensions ['python_setup_py']
[0.430s] Level 1:colcon.colcon_core.package_identification:_identify(dataset/val/images) by extension 'python_setup_py'
[0.430s] Level 1:colcon.colcon_core.package_identification:_identify(dataset/val/labels) by extensions ['ignore', 'ignore_ament_install']
[0.430s] Level 1:colcon.colcon_core.package_identification:_identify(dataset/val/labels) by extension 'ignore'
[0.430s] Level 1:colcon.colcon_core.package_identification:_identify(dataset/val/labels) by extension 'ignore_ament_install'
[0.430s] Level 1:colcon.colcon_core.package_identification:_identify(dataset/val/labels) by extensions ['colcon_pkg']
[0.430s] Level 1:colcon.colcon_core.package_identification:_identify(dataset/val/labels) by extension 'colcon_pkg'
[0.430s] Level 1:colcon.colcon_core.package_identification:_identify(dataset/val/labels) by extensions ['colcon_meta']
[0.430s] Level 1:colcon.colcon_core.package_identification:_identify(dataset/val/labels) by extension 'colcon_meta'
[0.430s] Level 1:colcon.colcon_core.package_identification:_identify(dataset/val/labels) by extensions ['ros']
[0.430s] Level 1:colcon.colcon_core.package_identification:_identify(dataset/val/labels) by extension 'ros'
[0.430s] Level 1:colcon.colcon_core.package_identification:_identify(dataset/val/labels) by extensions ['cmake', 'python']
[0.430s] Level 1:colcon.colcon_core.package_identification:_identify(dataset/val/labels) by extension 'cmake'
[0.430s] Level 1:colcon.colcon_core.package_identification:_identify(dataset/val/labels) by extension 'python'
[0.430s] Level 1:colcon.colcon_core.package_identification:_identify(dataset/val/labels) by extensions ['python_setup_py']
[0.430s] Level 1:colcon.colcon_core.package_identification:_identify(dataset/val/labels) by extension 'python_setup_py'
[0.431s] Level 1:colcon.colcon_core.package_identification:_identify(demo_interfaces_test) by extensions ['ignore', 'ignore_ament_install']
[0.431s] Level 1:colcon.colcon_core.package_identification:_identify(demo_interfaces_test) by extension 'ignore'
[0.431s] Level 1:colcon.colcon_core.package_identification:_identify(demo_interfaces_test) by extension 'ignore_ament_install'
[0.431s] Level 1:colcon.colcon_core.package_identification:_identify(demo_interfaces_test) by extensions ['colcon_pkg']
[0.431s] Level 1:colcon.colcon_core.package_identification:_identify(demo_interfaces_test) by extension 'colcon_pkg'
[0.431s] Level 1:colcon.colcon_core.package_identification:_identify(demo_interfaces_test) by extensions ['colcon_meta']
[0.431s] Level 1:colcon.colcon_core.package_identification:_identify(demo_interfaces_test) by extension 'colcon_meta'
[0.431s] Level 1:colcon.colcon_core.package_identification:_identify(demo_interfaces_test) by extensions ['ros']
[0.431s] Level 1:colcon.colcon_core.package_identification:_identify(demo_interfaces_test) by extension 'ros'
[0.433s] DEBUG:colcon.colcon_core.package_identification:Package 'demo_interfaces_test' with type 'ros.ament_cmake' and name 'demo_interfaces_test'
[0.433s] Level 1:colcon.colcon_core.package_identification:_identify(install) by extensions ['ignore', 'ignore_ament_install']
[0.433s] Level 1:colcon.colcon_core.package_identification:_identify(install) by extension 'ignore'
[0.433s] Level 1:colcon.colcon_core.package_identification:_identify(install) ignored
[0.434s] Level 1:colcon.colcon_core.package_identification:_identify(log) by extensions ['ignore', 'ignore_ament_install']
[0.434s] Level 1:colcon.colcon_core.package_identification:_identify(log) by extension 'ignore'
[0.434s] Level 1:colcon.colcon_core.package_identification:_identify(log) ignored
[0.434s] Level 1:colcon.colcon_core.package_identification:_identify(map) by extensions ['ignore', 'ignore_ament_install']
[0.434s] Level 1:colcon.colcon_core.package_identification:_identify(map) by extension 'ignore'
[0.434s] Level 1:colcon.colcon_core.package_identification:_identify(map) by extension 'ignore_ament_install'
[0.434s] Level 1:colcon.colcon_core.package_identification:_identify(map) by extensions ['colcon_pkg']
[0.434s] Level 1:colcon.colcon_core.package_identification:_identify(map) by extension 'colcon_pkg'
[0.434s] Level 1:colcon.colcon_core.package_identification:_identify(map) by extensions ['colcon_meta']
[0.434s] Level 1:colcon.colcon_core.package_identification:_identify(map) by extension 'colcon_meta'
[0.434s] Level 1:colcon.colcon_core.package_identification:_identify(map) by extensions ['ros']
[0.434s] Level 1:colcon.colcon_core.package_identification:_identify(map) by extension 'ros'
[0.434s] Level 1:colcon.colcon_core.package_identification:_identify(map) by extensions ['cmake', 'python']
[0.434s] Level 1:colcon.colcon_core.package_identification:_identify(map) by extension 'cmake'
[0.434s] Level 1:colcon.colcon_core.package_identification:_identify(map) by extension 'python'
[0.434s] Level 1:colcon.colcon_core.package_identification:_identify(map) by extensions ['python_setup_py']
[0.434s] Level 1:colcon.colcon_core.package_identification:_identify(map) by extension 'python_setup_py'
[0.434s] Level 1:colcon.colcon_core.package_identification:_identify(runs) by extensions ['ignore', 'ignore_ament_install']
[0.434s] Level 1:colcon.colcon_core.package_identification:_identify(runs) by extension 'ignore'
[0.434s] Level 1:colcon.colcon_core.package_identification:_identify(runs) by extension 'ignore_ament_install'
[0.434s] Level 1:colcon.colcon_core.package_identification:_identify(runs) by extensions ['colcon_pkg']
[0.434s] Level 1:colcon.colcon_core.package_identification:_identify(runs) by extension 'colcon_pkg'
[0.434s] Level 1:colcon.colcon_core.package_identification:_identify(runs) by extensions ['colcon_meta']
[0.434s] Level 1:colcon.colcon_core.package_identification:_identify(runs) by extension 'colcon_meta'
[0.434s] Level 1:colcon.colcon_core.package_identification:_identify(runs) by extensions ['ros']
[0.435s] Level 1:colcon.colcon_core.package_identification:_identify(runs) by extension 'ros'
[0.435s] Level 1:colcon.colcon_core.package_identification:_identify(runs) by extensions ['cmake', 'python']
[0.435s] Level 1:colcon.colcon_core.package_identification:_identify(runs) by extension 'cmake'
[0.435s] Level 1:colcon.colcon_core.package_identification:_identify(runs) by extension 'python'
[0.435s] Level 1:colcon.colcon_core.package_identification:_identify(runs) by extensions ['python_setup_py']
[0.435s] Level 1:colcon.colcon_core.package_identification:_identify(runs) by extension 'python_setup_py'
[0.435s] Level 1:colcon.colcon_core.package_identification:_identify(runs/detect) by extensions ['ignore', 'ignore_ament_install']
[0.435s] Level 1:colcon.colcon_core.package_identification:_identify(runs/detect) by extension 'ignore'
[0.435s] Level 1:colcon.colcon_core.package_identification:_identify(runs/detect) by extension 'ignore_ament_install'
[0.435s] Level 1:colcon.colcon_core.package_identification:_identify(runs/detect) by extensions ['colcon_pkg']
[0.435s] Level 1:colcon.colcon_core.package_identification:_identify(runs/detect) by extension 'colcon_pkg'
[0.435s] Level 1:colcon.colcon_core.package_identification:_identify(runs/detect) by extensions ['colcon_meta']
[0.435s] Level 1:colcon.colcon_core.package_identification:_identify(runs/detect) by extension 'colcon_meta'
[0.435s] Level 1:colcon.colcon_core.package_identification:_identify(runs/detect) by extensions ['ros']
[0.435s] Level 1:colcon.colcon_core.package_identification:_identify(runs/detect) by extension 'ros'
[0.435s] Level 1:colcon.colcon_core.package_identification:_identify(runs/detect) by extensions ['cmake', 'python']
[0.435s] Level 1:colcon.colcon_core.package_identification:_identify(runs/detect) by extension 'cmake'
[0.435s] Level 1:colcon.colcon_core.package_identification:_identify(runs/detect) by extension 'python'
[0.435s] Level 1:colcon.colcon_core.package_identification:_identify(runs/detect) by extensions ['python_setup_py']
[0.435s] Level 1:colcon.colcon_core.package_identification:_identify(runs/detect) by extension 'python_setup_py'
[0.435s] Level 1:colcon.colcon_core.package_identification:_identify(runs/detect/predict) by extensions ['ignore', 'ignore_ament_install']
[0.435s] Level 1:colcon.colcon_core.package_identification:_identify(runs/detect/predict) by extension 'ignore'
[0.435s] Level 1:colcon.colcon_core.package_identification:_identify(runs/detect/predict) by extension 'ignore_ament_install'
[0.435s] Level 1:colcon.colcon_core.package_identification:_identify(runs/detect/predict) by extensions ['colcon_pkg']
[0.435s] Level 1:colcon.colcon_core.package_identification:_identify(runs/detect/predict) by extension 'colcon_pkg'
[0.435s] Level 1:colcon.colcon_core.package_identification:_identify(runs/detect/predict) by extensions ['colcon_meta']
[0.435s] Level 1:colcon.colcon_core.package_identification:_identify(runs/detect/predict) by extension 'colcon_meta'
[0.435s] Level 1:colcon.colcon_core.package_identification:_identify(runs/detect/predict) by extensions ['ros']
[0.435s] Level 1:colcon.colcon_core.package_identification:_identify(runs/detect/predict) by extension 'ros'
[0.436s] Level 1:colcon.colcon_core.package_identification:_identify(runs/detect/predict) by extensions ['cmake', 'python']
[0.436s] Level 1:colcon.colcon_core.package_identification:_identify(runs/detect/predict) by extension 'cmake'
[0.436s] Level 1:colcon.colcon_core.package_identification:_identify(runs/detect/predict) by extension 'python'
[0.436s] Level 1:colcon.colcon_core.package_identification:_identify(runs/detect/predict) by extensions ['python_setup_py']
[0.436s] Level 1:colcon.colcon_core.package_identification:_identify(runs/detect/predict) by extension 'python_setup_py'
[0.436s] Level 1:colcon.colcon_core.package_identification:_identify(runs/detect/train) by extensions ['ignore', 'ignore_ament_install']
[0.436s] Level 1:colcon.colcon_core.package_identification:_identify(runs/detect/train) by extension 'ignore'
[0.436s] Level 1:colcon.colcon_core.package_identification:_identify(runs/detect/train) by extension 'ignore_ament_install'
[0.436s] Level 1:colcon.colcon_core.package_identification:_identify(runs/detect/train) by extensions ['colcon_pkg']
[0.436s] Level 1:colcon.colcon_core.package_identification:_identify(runs/detect/train) by extension 'colcon_pkg'
[0.436s] Level 1:colcon.colcon_core.package_identification:_identify(runs/detect/train) by extensions ['colcon_meta']
[0.436s] Level 1:colcon.colcon_core.package_identification:_identify(runs/detect/train) by extension 'colcon_meta'
[0.436s] Level 1:colcon.colcon_core.package_identification:_identify(runs/detect/train) by extensions ['ros']
[0.436s] Level 1:colcon.colcon_core.package_identification:_identify(runs/detect/train) by extension 'ros'
[0.436s] Level 1:colcon.colcon_core.package_identification:_identify(runs/detect/train) by extensions ['cmake', 'python']
[0.436s] Level 1:colcon.colcon_core.package_identification:_identify(runs/detect/train) by extension 'cmake'
[0.436s] Level 1:colcon.colcon_core.package_identification:_identify(runs/detect/train) by extension 'python'
[0.436s] Level 1:colcon.colcon_core.package_identification:_identify(runs/detect/train) by extensions ['python_setup_py']
[0.436s] Level 1:colcon.colcon_core.package_identification:_identify(runs/detect/train) by extension 'python_setup_py'
[0.436s] Level 1:colcon.colcon_core.package_identification:_identify(runs/detect/train2) by extensions ['ignore', 'ignore_ament_install']
[0.436s] Level 1:colcon.colcon_core.package_identification:_identify(runs/detect/train2) by extension 'ignore'
[0.436s] Level 1:colcon.colcon_core.package_identification:_identify(runs/detect/train2) by extension 'ignore_ament_install'
[0.436s] Level 1:colcon.colcon_core.package_identification:_identify(runs/detect/train2) by extensions ['colcon_pkg']
[0.436s] Level 1:colcon.colcon_core.package_identification:_identify(runs/detect/train2) by extension 'colcon_pkg'
[0.436s] Level 1:colcon.colcon_core.package_identification:_identify(runs/detect/train2) by extensions ['colcon_meta']
[0.436s] Level 1:colcon.colcon_core.package_identification:_identify(runs/detect/train2) by extension 'colcon_meta'
[0.436s] Level 1:colcon.colcon_core.package_identification:_identify(runs/detect/train2) by extensions ['ros']
[0.436s] Level 1:colcon.colcon_core.package_identification:_identify(runs/detect/train2) by extension 'ros'
[0.436s] Level 1:colcon.colcon_core.package_identification:_identify(runs/detect/train2) by extensions ['cmake', 'python']
[0.436s] Level 1:colcon.colcon_core.package_identification:_identify(runs/detect/train2) by extension 'cmake'
[0.437s] Level 1:colcon.colcon_core.package_identification:_identify(runs/detect/train2) by extension 'python'
[0.437s] Level 1:colcon.colcon_core.package_identification:_identify(runs/detect/train2) by extensions ['python_setup_py']
[0.437s] Level 1:colcon.colcon_core.package_identification:_identify(runs/detect/train2) by extension 'python_setup_py'
[0.437s] Level 1:colcon.colcon_core.package_identification:_identify(src) by extensions ['ignore', 'ignore_ament_install']
[0.437s] Level 1:colcon.colcon_core.package_identification:_identify(src) by extension 'ignore'
[0.437s] Level 1:colcon.colcon_core.package_identification:_identify(src) by extension 'ignore_ament_install'
[0.437s] Level 1:colcon.colcon_core.package_identification:_identify(src) by extensions ['colcon_pkg']
[0.437s] Level 1:colcon.colcon_core.package_identification:_identify(src) by extension 'colcon_pkg'
[0.437s] Level 1:colcon.colcon_core.package_identification:_identify(src) by extensions ['colcon_meta']
[0.437s] Level 1:colcon.colcon_core.package_identification:_identify(src) by extension 'colcon_meta'
[0.437s] Level 1:colcon.colcon_core.package_identification:_identify(src) by extensions ['ros']
[0.437s] Level 1:colcon.colcon_core.package_identification:_identify(src) by extension 'ros'
[0.437s] Level 1:colcon.colcon_core.package_identification:_identify(src) by extensions ['cmake', 'python']
[0.437s] Level 1:colcon.colcon_core.package_identification:_identify(src) by extension 'cmake'
[0.437s] Level 1:colcon.colcon_core.package_identification:_identify(src) by extension 'python'
[0.437s] Level 1:colcon.colcon_core.package_identification:_identify(src) by extensions ['python_setup_py']
[0.437s] Level 1:colcon.colcon_core.package_identification:_identify(src) by extension 'python_setup_py'
[0.437s] Level 1:colcon.colcon_core.package_identification:_identify(src/arm) by extensions ['ignore', 'ignore_ament_install']
[0.437s] Level 1:colcon.colcon_core.package_identification:_identify(src/arm) by extension 'ignore'
[0.437s] Level 1:colcon.colcon_core.package_identification:_identify(src/arm) by extension 'ignore_ament_install'
[0.437s] Level 1:colcon.colcon_core.package_identification:_identify(src/arm) by extensions ['colcon_pkg']
[0.437s] Level 1:colcon.colcon_core.package_identification:_identify(src/arm) by extension 'colcon_pkg'
[0.437s] Level 1:colcon.colcon_core.package_identification:_identify(src/arm) by extensions ['colcon_meta']
[0.437s] Level 1:colcon.colcon_core.package_identification:_identify(src/arm) by extension 'colcon_meta'
[0.437s] Level 1:colcon.colcon_core.package_identification:_identify(src/arm) by extensions ['ros']
[0.437s] Level 1:colcon.colcon_core.package_identification:_identify(src/arm) by extension 'ros'
[0.437s] Level 1:colcon.colcon_core.package_identification:_identify(src/arm) by extensions ['cmake', 'python']
[0.437s] Level 1:colcon.colcon_core.package_identification:_identify(src/arm) by extension 'cmake'
[0.437s] Level 1:colcon.colcon_core.package_identification:_identify(src/arm) by extension 'python'
[0.437s] Level 1:colcon.colcon_core.package_identification:_identify(src/arm) by extensions ['python_setup_py']
[0.438s] Level 1:colcon.colcon_core.package_identification:_identify(src/arm) by extension 'python_setup_py'
[0.438s] Level 1:colcon.colcon_core.package_identification:_identify(src/arm/__pycache__) by extensions ['ignore', 'ignore_ament_install']
[0.438s] Level 1:colcon.colcon_core.package_identification:_identify(src/arm/__pycache__) by extension 'ignore'
[0.438s] Level 1:colcon.colcon_core.package_identification:_identify(src/arm/__pycache__) by extension 'ignore_ament_install'
[0.438s] Level 1:colcon.colcon_core.package_identification:_identify(src/arm/__pycache__) by extensions ['colcon_pkg']
[0.438s] Level 1:colcon.colcon_core.package_identification:_identify(src/arm/__pycache__) by extension 'colcon_pkg'
[0.438s] Level 1:colcon.colcon_core.package_identification:_identify(src/arm/__pycache__) by extensions ['colcon_meta']
[0.438s] Level 1:colcon.colcon_core.package_identification:_identify(src/arm/__pycache__) by extension 'colcon_meta'
[0.438s] Level 1:colcon.colcon_core.package_identification:_identify(src/arm/__pycache__) by extensions ['ros']
[0.438s] Level 1:colcon.colcon_core.package_identification:_identify(src/arm/__pycache__) by extension 'ros'
[0.438s] Level 1:colcon.colcon_core.package_identification:_identify(src/arm/__pycache__) by extensions ['cmake', 'python']
[0.438s] Level 1:colcon.colcon_core.package_identification:_identify(src/arm/__pycache__) by extension 'cmake'
[0.438s] Level 1:colcon.colcon_core.package_identification:_identify(src/arm/__pycache__) by extension 'python'
[0.438s] Level 1:colcon.colcon_core.package_identification:_identify(src/arm/__pycache__) by extensions ['python_setup_py']
[0.438s] Level 1:colcon.colcon_core.package_identification:_identify(src/arm/__pycache__) by extension 'python_setup_py'
[0.438s] Level 1:colcon.colcon_core.package_identification:_identify(src/tb4_autonav) by extensions ['ignore', 'ignore_ament_install']
[0.438s] Level 1:colcon.colcon_core.package_identification:_identify(src/tb4_autonav) by extension 'ignore'
[0.438s] Level 1:colcon.colcon_core.package_identification:_identify(src/tb4_autonav) by extension 'ignore_ament_install'
[0.438s] Level 1:colcon.colcon_core.package_identification:_identify(src/tb4_autonav) by extensions ['colcon_pkg']
[0.438s] Level 1:colcon.colcon_core.package_identification:_identify(src/tb4_autonav) by extension 'colcon_pkg'
[0.438s] Level 1:colcon.colcon_core.package_identification:_identify(src/tb4_autonav) by extensions ['colcon_meta']
[0.438s] Level 1:colcon.colcon_core.package_identification:_identify(src/tb4_autonav) by extension 'colcon_meta'
[0.438s] Level 1:colcon.colcon_core.package_identification:_identify(src/tb4_autonav) by extensions ['ros']
[0.438s] Level 1:colcon.colcon_core.package_identification:_identify(src/tb4_autonav) by extension 'ros'
[0.439s] DEBUG:colcon.colcon_core.package_identification:Package 'src/tb4_autonav' with type 'ros.ament_python' and name 'tb4_autonav'
[0.439s] Level 1:colcon.colcon_core.package_identification:_identify(src/tb4_autonav_interfaces) by extensions ['ignore', 'ignore_ament_install']
[0.439s] Level 1:colcon.colcon_core.package_identification:_identify(src/tb4_autonav_interfaces) by extension 'ignore'
[0.439s] Level 1:colcon.colcon_core.package_identification:_identify(src/tb4_autonav_interfaces) by extension 'ignore_ament_install'
[0.439s] Level 1:colcon.colcon_core.package_identification:_identify(src/tb4_autonav_interfaces) by extensions ['colcon_pkg']
[0.439s] Level 1:colcon.colcon_core.package_identification:_identify(src/tb4_autonav_interfaces) by extension 'colcon_pkg'
[0.439s] Level 1:colcon.colcon_core.package_identification:_identify(src/tb4_autonav_interfaces) by extensions ['colcon_meta']
[0.439s] Level 1:colcon.colcon_core.package_identification:_identify(src/tb4_autonav_interfaces) by extension 'colcon_meta'
[0.440s] Level 1:colcon.colcon_core.package_identification:_identify(src/tb4_autonav_interfaces) by extensions ['ros']
[0.440s] Level 1:colcon.colcon_core.package_identification:_identify(src/tb4_autonav_interfaces) by extension 'ros'
[0.440s] DEBUG:colcon.colcon_core.package_identification:Package 'src/tb4_autonav_interfaces' with type 'ros.ament_cmake' and name 'tb4_autonav_interfaces'
[0.440s] Level 1:colcon.colcon_core.package_identification:_identify(traffic) by extensions ['ignore', 'ignore_ament_install']
[0.440s] Level 1:colcon.colcon_core.package_identification:_identify(traffic) by extension 'ignore'
[0.440s] Level 1:colcon.colcon_core.package_identification:_identify(traffic) by extension 'ignore_ament_install'
[0.440s] Level 1:colcon.colcon_core.package_identification:_identify(traffic) by extensions ['colcon_pkg']
[0.440s] Level 1:colcon.colcon_core.package_identification:_identify(traffic) by extension 'colcon_pkg'
[0.440s] Level 1:colcon.colcon_core.package_identification:_identify(traffic) by extensions ['colcon_meta']
[0.440s] Level 1:colcon.colcon_core.package_identification:_identify(traffic) by extension 'colcon_meta'
[0.441s] Level 1:colcon.colcon_core.package_identification:_identify(traffic) by extensions ['ros']
[0.441s] Level 1:colcon.colcon_core.package_identification:_identify(traffic) by extension 'ros'
[0.441s] Level 1:colcon.colcon_core.package_identification:_identify(traffic) by extensions ['cmake', 'python']
[0.441s] Level 1:colcon.colcon_core.package_identification:_identify(traffic) by extension 'cmake'
[0.441s] Level 1:colcon.colcon_core.package_identification:_identify(traffic) by extension 'python'
[0.441s] Level 1:colcon.colcon_core.package_identification:_identify(traffic) by extensions ['python_setup_py']
[0.441s] Level 1:colcon.colcon_core.package_identification:_identify(traffic) by extension 'python_setup_py'
[0.441s] Level 1:colcon.colcon_core.package_identification:_identify(traffic/raw_images3) by extensions ['ignore', 'ignore_ament_install']
[0.441s] Level 1:colcon.colcon_core.package_identification:_identify(traffic/raw_images3) by extension 'ignore'
[0.441s] Level 1:colcon.colcon_core.package_identification:_identify(traffic/raw_images3) by extension 'ignore_ament_install'
[0.441s] Level 1:colcon.colcon_core.package_identification:_identify(traffic/raw_images3) by extensions ['colcon_pkg']
[0.441s] Level 1:colcon.colcon_core.package_identification:_identify(traffic/raw_images3) by extension 'colcon_pkg'
[0.441s] Level 1:colcon.colcon_core.package_identification:_identify(traffic/raw_images3) by extensions ['colcon_meta']
[0.441s] Level 1:colcon.colcon_core.package_identification:_identify(traffic/raw_images3) by extension 'colcon_meta'
[0.441s] Level 1:colcon.colcon_core.package_identification:_identify(traffic/raw_images3) by extensions ['ros']
[0.441s] Level 1:colcon.colcon_core.package_identification:_identify(traffic/raw_images3) by extension 'ros'
[0.441s] Level 1:colcon.colcon_core.package_identification:_identify(traffic/raw_images3) by extensions ['cmake', 'python']
[0.441s] Level 1:colcon.colcon_core.package_identification:_identify(traffic/raw_images3) by extension 'cmake'
[0.441s] Level 1:colcon.colcon_core.package_identification:_identify(traffic/raw_images3) by extension 'python'
[0.441s] Level 1:colcon.colcon_core.package_identification:_identify(traffic/raw_images3) by extensions ['python_setup_py']
[0.441s] Level 1:colcon.colcon_core.package_identification:_identify(traffic/raw_images3) by extension 'python_setup_py'
[0.441s] Level 1:colcon.colcon_core.package_identification:_identify(traffic/val) by extensions ['ignore', 'ignore_ament_install']
[0.441s] Level 1:colcon.colcon_core.package_identification:_identify(traffic/val) by extension 'ignore'
[0.442s] Level 1:colcon.colcon_core.package_identification:_identify(traffic/val) by extension 'ignore_ament_install'
[0.442s] Level 1:colcon.colcon_core.package_identification:_identify(traffic/val) by extensions ['colcon_pkg']
[0.442s] Level 1:colcon.colcon_core.package_identification:_identify(traffic/val) by extension 'colcon_pkg'
[0.442s] Level 1:colcon.colcon_core.package_identification:_identify(traffic/val) by extensions ['colcon_meta']
[0.442s] Level 1:colcon.colcon_core.package_identification:_identify(traffic/val) by extension 'colcon_meta'
[0.442s] Level 1:colcon.colcon_core.package_identification:_identify(traffic/val) by extensions ['ros']
[0.442s] Level 1:colcon.colcon_core.package_identification:_identify(traffic/val) by extension 'ros'
[0.442s] Level 1:colcon.colcon_core.package_identification:_identify(traffic/val) by extensions ['cmake', 'python']
[0.442s] Level 1:colcon.colcon_core.package_identification:_identify(traffic/val) by extension 'cmake'
[0.442s] Level 1:colcon.colcon_core.package_identification:_identify(traffic/val) by extension 'python'
[0.442s] Level 1:colcon.colcon_core.package_identification:_identify(traffic/val) by extensions ['python_setup_py']
[0.442s] Level 1:colcon.colcon_core.package_identification:_identify(traffic/val) by extension 'python_setup_py'
[0.442s] Level 1:colcon.colcon_core.package_identification:_identify(traffic/videos) by extensions ['ignore', 'ignore_ament_install']
[0.442s] Level 1:colcon.colcon_core.package_identification:_identify(traffic/videos) by extension 'ignore'
[0.442s] Level 1:colcon.colcon_core.package_identification:_identify(traffic/videos) by extension 'ignore_ament_install'
[0.442s] Level 1:colcon.colcon_core.package_identification:_identify(traffic/videos) by extensions ['colcon_pkg']
[0.442s] Level 1:colcon.colcon_core.package_identification:_identify(traffic/videos) by extension 'colcon_pkg'
[0.442s] Level 1:colcon.colcon_core.package_identification:_identify(traffic/videos) by extensions ['colcon_meta']
[0.442s] Level 1:colcon.colcon_core.package_identification:_identify(traffic/videos) by extension 'colcon_meta'
[0.442s] Level 1:colcon.colcon_core.package_identification:_identify(traffic/videos) by extensions ['ros']
[0.442s] Level 1:colcon.colcon_core.package_identification:_identify(traffic/videos) by extension 'ros'
[0.442s] Level 1:colcon.colcon_core.package_identification:_identify(traffic/videos) by extensions ['cmake', 'python']
[0.442s] Level 1:colcon.colcon_core.package_identification:_identify(traffic/videos) by extension 'cmake'
[0.442s] Level 1:colcon.colcon_core.package_identification:_identify(traffic/videos) by extension 'python'
[0.442s] Level 1:colcon.colcon_core.package_identification:_identify(traffic/videos) by extensions ['python_setup_py']
[0.442s] Level 1:colcon.colcon_core.package_identification:_identify(traffic/videos) by extension 'python_setup_py'
[0.442s] Level 1:colcon.colcon_core.package_identification:_identify(traffic/videos/stop_right) by extensions ['ignore', 'ignore_ament_install']
[0.442s] Level 1:colcon.colcon_core.package_identification:_identify(traffic/videos/stop_right) by extension 'ignore'
[0.442s] Level 1:colcon.colcon_core.package_identification:_identify(traffic/videos/stop_right) by extension 'ignore_ament_install'
[0.443s] Level 1:colcon.colcon_core.package_identification:_identify(traffic/videos/stop_right) by extensions ['colcon_pkg']
[0.443s] Level 1:colcon.colcon_core.package_identification:_identify(traffic/videos/stop_right) by extension 'colcon_pkg'
[0.443s] Level 1:colcon.colcon_core.package_identification:_identify(traffic/videos/stop_right) by extensions ['colcon_meta']
[0.443s] Level 1:colcon.colcon_core.package_identification:_identify(traffic/videos/stop_right) by extension 'colcon_meta'
[0.443s] Level 1:colcon.colcon_core.package_identification:_identify(traffic/videos/stop_right) by extensions ['ros']
[0.443s] Level 1:colcon.colcon_core.package_identification:_identify(traffic/videos/stop_right) by extension 'ros'
[0.443s] Level 1:colcon.colcon_core.package_identification:_identify(traffic/videos/stop_right) by extensions ['cmake', 'python']
[0.443s] Level 1:colcon.colcon_core.package_identification:_identify(traffic/videos/stop_right) by extension 'cmake'
[0.443s] Level 1:colcon.colcon_core.package_identification:_identify(traffic/videos/stop_right) by extension 'python'
[0.443s] Level 1:colcon.colcon_core.package_identification:_identify(traffic/videos/stop_right) by extensions ['python_setup_py']
[0.443s] Level 1:colcon.colcon_core.package_identification:_identify(traffic/videos/stop_right) by extension 'python_setup_py'
[0.443s] Level 1:colcon.colcon_core.package_identification:_identify(traffic/videos/stopsign_right) by extensions ['ignore', 'ignore_ament_install']
[0.443s] Level 1:colcon.colcon_core.package_identification:_identify(traffic/videos/stopsign_right) by extension 'ignore'
[0.443s] Level 1:colcon.colcon_core.package_identification:_identify(traffic/videos/stopsign_right) by extension 'ignore_ament_install'
[0.443s] Level 1:colcon.colcon_core.package_identification:_identify(traffic/videos/stopsign_right) by extensions ['colcon_pkg']
[0.443s] Level 1:colcon.colcon_core.package_identification:_identify(traffic/videos/stopsign_right) by extension 'colcon_pkg'
[0.443s] Level 1:colcon.colcon_core.package_identification:_identify(traffic/videos/stopsign_right) by extensions ['colcon_meta']
[0.443s] Level 1:colcon.colcon_core.package_identification:_identify(traffic/videos/stopsign_right) by extension 'colcon_meta'
[0.443s] Level 1:colcon.colcon_core.package_identification:_identify(traffic/videos/stopsign_right) by extensions ['ros']
[0.443s] Level 1:colcon.colcon_core.package_identification:_identify(traffic/videos/stopsign_right) by extension 'ros'
[0.443s] Level 1:colcon.colcon_core.package_identification:_identify(traffic/videos/stopsign_right) by extensions ['cmake', 'python']
[0.443s] Level 1:colcon.colcon_core.package_identification:_identify(traffic/videos/stopsign_right) by extension 'cmake'
[0.443s] Level 1:colcon.colcon_core.package_identification:_identify(traffic/videos/stopsign_right) by extension 'python'
[0.443s] Level 1:colcon.colcon_core.package_identification:_identify(traffic/videos/stopsign_right) by extensions ['python_setup_py']
[0.443s] Level 1:colcon.colcon_core.package_identification:_identify(traffic/videos/stopsign_right) by extension 'python_setup_py'
[0.443s] Level 1:colcon.colcon_core.package_identification:_identify(traffic/videos/traf_light) by extensions ['ignore', 'ignore_ament_install']
[0.443s] Level 1:colcon.colcon_core.package_identification:_identify(traffic/videos/traf_light) by extension 'ignore'
[0.443s] Level 1:colcon.colcon_core.package_identification:_identify(traffic/videos/traf_light) by extension 'ignore_ament_install'
[0.443s] Level 1:colcon.colcon_core.package_identification:_identify(traffic/videos/traf_light) by extensions ['colcon_pkg']
[0.443s] Level 1:colcon.colcon_core.package_identification:_identify(traffic/videos/traf_light) by extension 'colcon_pkg'
[0.443s] Level 1:colcon.colcon_core.package_identification:_identify(traffic/videos/traf_light) by extensions ['colcon_meta']
[0.443s] Level 1:colcon.colcon_core.package_identification:_identify(traffic/videos/traf_light) by extension 'colcon_meta'
[0.443s] Level 1:colcon.colcon_core.package_identification:_identify(traffic/videos/traf_light) by extensions ['ros']
[0.444s] Level 1:colcon.colcon_core.package_identification:_identify(traffic/videos/traf_light) by extension 'ros'
[0.444s] Level 1:colcon.colcon_core.package_identification:_identify(traffic/videos/traf_light) by extensions ['cmake', 'python']
[0.444s] Level 1:colcon.colcon_core.package_identification:_identify(traffic/videos/traf_light) by extension 'cmake'
[0.444s] Level 1:colcon.colcon_core.package_identification:_identify(traffic/videos/traf_light) by extension 'python'
[0.444s] Level 1:colcon.colcon_core.package_identification:_identify(traffic/videos/traf_light) by extensions ['python_setup_py']
[0.444s] Level 1:colcon.colcon_core.package_identification:_identify(traffic/videos/traf_light) by extension 'python_setup_py'
[0.444s] Level 1:colcon.colcon_core.package_identification:_identify(traffic/videos/traf_light_right) by extensions ['ignore', 'ignore_ament_install']
[0.444s] Level 1:colcon.colcon_core.package_identification:_identify(traffic/videos/traf_light_right) by extension 'ignore'
[0.444s] Level 1:colcon.colcon_core.package_identification:_identify(traffic/videos/traf_light_right) by extension 'ignore_ament_install'
[0.444s] Level 1:colcon.colcon_core.package_identification:_identify(traffic/videos/traf_light_right) by extensions ['colcon_pkg']
[0.444s] Level 1:colcon.colcon_core.package_identification:_identify(traffic/videos/traf_light_right) by extension 'colcon_pkg'
[0.444s] Level 1:colcon.colcon_core.package_identification:_identify(traffic/videos/traf_light_right) by extensions ['colcon_meta']
[0.444s] Level 1:colcon.colcon_core.package_identification:_identify(traffic/videos/traf_light_right) by extension 'colcon_meta'
[0.444s] Level 1:colcon.colcon_core.package_identification:_identify(traffic/videos/traf_light_right) by extensions ['ros']
[0.444s] Level 1:colcon.colcon_core.package_identification:_identify(traffic/videos/traf_light_right) by extension 'ros'
[0.444s] Level 1:colcon.colcon_core.package_identification:_identify(traffic/videos/traf_light_right) by extensions ['cmake', 'python']
[0.444s] Level 1:colcon.colcon_core.package_identification:_identify(traffic/videos/traf_light_right) by extension 'cmake'
[0.444s] Level 1:colcon.colcon_core.package_identification:_identify(traffic/videos/traf_light_right) by extension 'python'
[0.444s] Level 1:colcon.colcon_core.package_identification:_identify(traffic/videos/traf_light_right) by extensions ['python_setup_py']
[0.444s] Level 1:colcon.colcon_core.package_identification:_identify(traffic/videos/traf_light_right) by extension 'python_setup_py'
[0.444s] Level 1:colcon.colcon_core.package_identification:_identify(traffic/videos/waste) by extensions ['ignore', 'ignore_ament_install']
[0.444s] Level 1:colcon.colcon_core.package_identification:_identify(traffic/videos/waste) by extension 'ignore'
[0.444s] Level 1:colcon.colcon_core.package_identification:_identify(traffic/videos/waste) by extension 'ignore_ament_install'
[0.444s] Level 1:colcon.colcon_core.package_identification:_identify(traffic/videos/waste) by extensions ['colcon_pkg']
[0.444s] Level 1:colcon.colcon_core.package_identification:_identify(traffic/videos/waste) by extension 'colcon_pkg'
[0.444s] Level 1:colcon.colcon_core.package_identification:_identify(traffic/videos/waste) by extensions ['colcon_meta']
[0.444s] Level 1:colcon.colcon_core.package_identification:_identify(traffic/videos/waste) by extension 'colcon_meta'
[0.444s] Level 1:colcon.colcon_core.package_identification:_identify(traffic/videos/waste) by extensions ['ros']
[0.444s] Level 1:colcon.colcon_core.package_identification:_identify(traffic/videos/waste) by extension 'ros'
[0.445s] Level 1:colcon.colcon_core.package_identification:_identify(traffic/videos/waste) by extensions ['cmake', 'python']
[0.445s] Level 1:colcon.colcon_core.package_identification:_identify(traffic/videos/waste) by extension 'cmake'
[0.445s] Level 1:colcon.colcon_core.package_identification:_identify(traffic/videos/waste) by extension 'python'
[0.445s] Level 1:colcon.colcon_core.package_identification:_identify(traffic/videos/waste) by extensions ['python_setup_py']
[0.445s] Level 1:colcon.colcon_core.package_identification:_identify(traffic/videos/waste) by extension 'python_setup_py'
[0.445s] Level 1:colcon.colcon_core.package_discovery:discover_packages(recursive) using defaults
[0.445s] Level 1:colcon.colcon_core.package_discovery:discover_packages(ignore) discover
[0.445s] Level 1:colcon.colcon_core.package_discovery:discover_packages(ignore) using defaults
[0.445s] Level 1:colcon.colcon_core.package_discovery:discover_packages(path) discover
[0.445s] Level 1:colcon.colcon_core.package_discovery:discover_packages(path) using defaults
[0.467s] Level 1:colcon.colcon_core.package_discovery:discover_packages(prefix_path) check parameters
[0.467s] Level 1:colcon.colcon_core.package_discovery:discover_packages(prefix_path) discover
[0.470s] DEBUG:colcon.colcon_installed_package_information.package_discovery:Found 1 installed packages in /home/tony/new_ws/install
[0.471s] DEBUG:colcon.colcon_installed_package_information.package_discovery:Found 40 installed packages in /home/tony/ros2_ws/install
[0.472s] DEBUG:colcon.colcon_installed_package_information.package_discovery:Found 3 installed packages in /home/tony/25_ws/install
[0.472s] DEBUG:colcon.colcon_installed_package_information.package_discovery:Found 5 installed packages in /home/tony/24fall_EE211_ws/install
[0.474s] DEBUG:colcon.colcon_installed_package_information.package_discovery:Found 506 installed packages in /opt/ros/humble
[0.475s] Level 1:colcon.colcon_core.package_discovery:discover_packages(prefix_path) using defaults
[0.529s] Level 5:colcon.colcon_core.verb:set package 'demo_interfaces_test' build argument 'cmake_args' from command line to 'None'
[0.530s] Level 5:colcon.colcon_core.verb:set package 'demo_interfaces_test' build argument 'cmake_target' from command line to 'None'
[0.530s] Level 5:colcon.colcon_core.verb:set package 'demo_interfaces_test' build argument 'cmake_target_skip_unavailable' from command line to 'False'
[0.530s] Level 5:colcon.colcon_core.verb:set package 'demo_interfaces_test' build argument 'cmake_clean_cache' from command line to 'False'
[0.530s] Level 5:colcon.colcon_core.verb:set package 'demo_interfaces_test' build argument 'cmake_clean_first' from command line to 'False'
[0.530s] Level 5:colcon.colcon_core.verb:set package 'demo_interfaces_test' build argument 'cmake_force_configure' from command line to 'False'
[0.530s] Level 5:colcon.colcon_core.verb:set package 'demo_interfaces_test' build argument 'ament_cmake_args' from command line to 'None'
[0.530s] Level 5:colcon.colcon_core.verb:set package 'demo_interfaces_test' build argument 'catkin_cmake_args' from command line to 'None'
[0.530s] Level 5:colcon.colcon_core.verb:set package 'demo_interfaces_test' build argument 'catkin_skip_building_tests' from command line to 'False'
[0.530s] DEBUG:colcon.colcon_core.verb:Building package 'demo_interfaces_test' with the following arguments: {'ament_cmake_args': None, 'build_base': '/home/tony/25_ws/build/demo_interfaces_test', 'catkin_cmake_args': None, 'catkin_skip_building_tests': False, 'cmake_args': None, 'cmake_clean_cache': False, 'cmake_clean_first': False, 'cmake_force_configure': False, 'cmake_target': None, 'cmake_target_skip_unavailable': False, 'install_base': '/home/tony/25_ws/install/demo_interfaces_test', 'merge_install': False, 'path': '/home/tony/25_ws/demo_interfaces_test', 'symlink_install': False, 'test_result_base': None}
[0.530s] Level 5:colcon.colcon_core.verb:set package 'tb4_autonav_interfaces' build argument 'cmake_args' from command line to 'None'
[0.530s] Level 5:colcon.colcon_core.verb:set package 'tb4_autonav_interfaces' build argument 'cmake_target' from command line to 'None'
[0.530s] Level 5:colcon.colcon_core.verb:set package 'tb4_autonav_interfaces' build argument 'cmake_target_skip_unavailable' from command line to 'False'
[0.530s] Level 5:colcon.colcon_core.verb:set package 'tb4_autonav_interfaces' build argument 'cmake_clean_cache' from command line to 'False'
[0.530s] Level 5:colcon.colcon_core.verb:set package 'tb4_autonav_interfaces' build argument 'cmake_clean_first' from command line to 'False'
[0.530s] Level 5:colcon.colcon_core.verb:set package 'tb4_autonav_interfaces' build argument 'cmake_force_configure' from command line to 'False'
[0.530s] Level 5:colcon.colcon_core.verb:set package 'tb4_autonav_interfaces' build argument 'ament_cmake_args' from command line to 'None'
[0.530s] Level 5:colcon.colcon_core.verb:set package 'tb4_autonav_interfaces' build argument 'catkin_cmake_args' from command line to 'None'
[0.530s] Level 5:colcon.colcon_core.verb:set package 'tb4_autonav_interfaces' build argument 'catkin_skip_building_tests' from command line to 'False'
[0.530s] DEBUG:colcon.colcon_core.verb:Building package 'tb4_autonav_interfaces' with the following arguments: {'ament_cmake_args': None, 'build_base': '/home/tony/25_ws/build/tb4_autonav_interfaces', 'catkin_cmake_args': None, 'catkin_skip_building_tests': False, 'cmake_args': None, 'cmake_clean_cache': False, 'cmake_clean_first': False, 'cmake_force_configure': False, 'cmake_target': None, 'cmake_target_skip_unavailable': False, 'install_base': '/home/tony/25_ws/install/tb4_autonav_interfaces', 'merge_install': False, 'path': '/home/tony/25_ws/src/tb4_autonav_interfaces', 'symlink_install': False, 'test_result_base': None}
[0.530s] Level 5:colcon.colcon_core.verb:set package 'tb4_autonav' build argument 'cmake_args' from command line to 'None'
[0.530s] Level 5:colcon.colcon_core.verb:set package 'tb4_autonav' build argument 'cmake_target' from command line to 'None'
[0.531s] Level 5:colcon.colcon_core.verb:set package 'tb4_autonav' build argument 'cmake_target_skip_unavailable' from command line to 'False'
[0.531s] Level 5:colcon.colcon_core.verb:set package 'tb4_autonav' build argument 'cmake_clean_cache' from command line to 'False'
[0.531s] Level 5:colcon.colcon_core.verb:set package 'tb4_autonav' build argument 'cmake_clean_first' from command line to 'False'
[0.531s] Level 5:colcon.colcon_core.verb:set package 'tb4_autonav' build argument 'cmake_force_configure' from command line to 'False'
[0.531s] Level 5:colcon.colcon_core.verb:set package 'tb4_autonav' build argument 'ament_cmake_args' from command line to 'None'
[0.531s] Level 5:colcon.colcon_core.verb:set package 'tb4_autonav' build argument 'catkin_cmake_args' from command line to 'None'
[0.531s] Level 5:colcon.colcon_core.verb:set package 'tb4_autonav' build argument 'catkin_skip_building_tests' from command line to 'False'
[0.531s] DEBUG:colcon.colcon_core.verb:Building package 'tb4_autonav' with the following arguments: {'ament_cmake_args': None, 'build_base': '/home/tony/25_ws/build/tb4_autonav', 'catkin_cmake_args': None, 'catkin_skip_building_tests': False, 'cmake_args': None, 'cmake_clean_cache': False, 'cmake_clean_first': False, 'cmake_force_configure': False, 'cmake_target': None, 'cmake_target_skip_unavailable': False, 'install_base': '/home/tony/25_ws/install/tb4_autonav', 'merge_install': False, 'path': '/home/tony/25_ws/src/tb4_autonav', 'symlink_install': False, 'test_result_base': None}
[0.531s] INFO:colcon.colcon_core.executor:Executing jobs using 'parallel' executor
[0.532s] DEBUG:colcon.colcon_parallel_executor.executor.parallel:run_until_complete
[0.532s] INFO:colcon.colcon_ros.task.ament_cmake.build:Building ROS package in '/home/tony/25_ws/src/tb4_autonav_interfaces' with build type 'ament_cmake'
[0.532s] INFO:colcon.colcon_cmake.task.cmake.build:Building CMake package in '/home/tony/25_ws/src/tb4_autonav_interfaces'
[0.535s] INFO:colcon.colcon_core.plugin_system:Skipping extension 'colcon_core.shell.bat': Not used on non-Windows systems
[0.535s] INFO:colcon.colcon_core.shell:Skip shell extension 'powershell' for command environment: Not usable outside of PowerShell
[0.535s] DEBUG:colcon.colcon_core.shell:Skip shell extension 'dsv' for command environment
[0.541s] INFO:colcon.colcon_ros.task.ament_cmake.build:Building ROS package in '/home/tony/25_ws/demo_interfaces_test' with build type 'ament_cmake'
[0.541s] INFO:colcon.colcon_cmake.task.cmake.build:Building CMake package in '/home/tony/25_ws/demo_interfaces_test'
[0.541s] INFO:colcon.colcon_core.shell:Skip shell extension 'powershell' for command environment: Not usable outside of PowerShell
[0.542s] DEBUG:colcon.colcon_core.shell:Skip shell extension 'dsv' for command environment
[0.551s] DEBUG:colcon.colcon_core.event_handler.log_command:Invoking command in '/home/tony/25_ws/build/tb4_autonav_interfaces': CMAKE_PREFIX_PATH=${CMAKE_PREFIX_PATH}:/home/tony/ros2_ws/install/witmotion_ros_driver:/home/tony/ros2_ws/install/ros2_aruco:/home/tony/ros2_ws/install/interbotix_xs_modules:/home/tony/ros2_ws/install/interbotix_perception_modules:/home/tony/ros2_ws/install/interbotix_common_modules:/home/tony/ros2_ws/install/detection:/home/tony/new_ws/install/project:/home/tony/25_ws/install/tb4_autonav:/home/tony/24fall_EE211_ws/install/turtlebot4_tests:/home/tony/24fall_EE211_ws/install/turtlebot4_diagnostics:/opt/ros/humble /usr/bin/cmake --build /home/tony/25_ws/build/tb4_autonav_interfaces -- -j8 -l8
[0.556s] DEBUG:colcon.colcon_core.event_handler.log_command:Invoking command in '/home/tony/25_ws/build/demo_interfaces_test': CMAKE_PREFIX_PATH=${CMAKE_PREFIX_PATH}:/home/tony/ros2_ws/install/witmotion_ros_driver:/home/tony/ros2_ws/install/ros2_aruco:/home/tony/ros2_ws/install/interbotix_xs_modules:/home/tony/ros2_ws/install/interbotix_perception_modules:/home/tony/ros2_ws/install/interbotix_common_modules:/home/tony/ros2_ws/install/detection:/home/tony/new_ws/install/project:/home/tony/25_ws/install/tb4_autonav:/home/tony/24fall_EE211_ws/install/turtlebot4_tests:/home/tony/24fall_EE211_ws/install/turtlebot4_diagnostics:/opt/ros/humble /usr/bin/cmake --build /home/tony/25_ws/build/demo_interfaces_test -- -j8 -l8
[0.988s] DEBUG:colcon.colcon_core.event_handler.log_command:Invoked command in '/home/tony/25_ws/build/tb4_autonav_interfaces' returned '0': CMAKE_PREFIX_PATH=${CMAKE_PREFIX_PATH}:/home/tony/ros2_ws/install/witmotion_ros_driver:/home/tony/ros2_ws/install/ros2_aruco:/home/tony/ros2_ws/install/interbotix_xs_modules:/home/tony/ros2_ws/install/interbotix_perception_modules:/home/tony/ros2_ws/install/interbotix_common_modules:/home/tony/ros2_ws/install/detection:/home/tony/new_ws/install/project:/home/tony/25_ws/install/tb4_autonav:/home/tony/24fall_EE211_ws/install/turtlebot4_tests:/home/tony/24fall_EE211_ws/install/turtlebot4_diagnostics:/opt/ros/humble /usr/bin/cmake --build /home/tony/25_ws/build/tb4_autonav_interfaces -- -j8 -l8
[0.997s] DEBUG:colcon.colcon_core.event_handler.log_command:Invoking command in '/home/tony/25_ws/build/tb4_autonav_interfaces': CMAKE_PREFIX_PATH=${CMAKE_PREFIX_PATH}:/home/tony/ros2_ws/install/witmotion_ros_driver:/home/tony/ros2_ws/install/ros2_aruco:/home/tony/ros2_ws/install/interbotix_xs_modules:/home/tony/ros2_ws/install/interbotix_perception_modules:/home/tony/ros2_ws/install/interbotix_common_modules:/home/tony/ros2_ws/install/detection:/home/tony/new_ws/install/project:/home/tony/25_ws/install/tb4_autonav:/home/tony/24fall_EE211_ws/install/turtlebot4_tests:/home/tony/24fall_EE211_ws/install/turtlebot4_diagnostics:/opt/ros/humble /usr/bin/cmake --install /home/tony/25_ws/build/tb4_autonav_interfaces
[0.998s] DEBUG:colcon.colcon_core.event_handler.log_command:Invoked command in '/home/tony/25_ws/build/demo_interfaces_test' returned '0': CMAKE_PREFIX_PATH=${CMAKE_PREFIX_PATH}:/home/tony/ros2_ws/install/witmotion_ros_driver:/home/tony/ros2_ws/install/ros2_aruco:/home/tony/ros2_ws/install/interbotix_xs_modules:/home/tony/ros2_ws/install/interbotix_perception_modules:/home/tony/ros2_ws/install/interbotix_common_modules:/home/tony/ros2_ws/install/detection:/home/tony/new_ws/install/project:/home/tony/25_ws/install/tb4_autonav:/home/tony/24fall_EE211_ws/install/turtlebot4_tests:/home/tony/24fall_EE211_ws/install/turtlebot4_diagnostics:/opt/ros/humble /usr/bin/cmake --build /home/tony/25_ws/build/demo_interfaces_test -- -j8 -l8
[1.000s] DEBUG:colcon.colcon_core.event_handler.log_command:Invoking command in '/home/tony/25_ws/build/demo_interfaces_test': CMAKE_PREFIX_PATH=${CMAKE_PREFIX_PATH}:/home/tony/ros2_ws/install/witmotion_ros_driver:/home/tony/ros2_ws/install/ros2_aruco:/home/tony/ros2_ws/install/interbotix_xs_modules:/home/tony/ros2_ws/install/interbotix_perception_modules:/home/tony/ros2_ws/install/interbotix_common_modules:/home/tony/ros2_ws/install/detection:/home/tony/new_ws/install/project:/home/tony/25_ws/install/tb4_autonav:/home/tony/24fall_EE211_ws/install/turtlebot4_tests:/home/tony/24fall_EE211_ws/install/turtlebot4_diagnostics:/opt/ros/humble /usr/bin/cmake --install /home/tony/25_ws/build/demo_interfaces_test
[1.059s] Level 1:colcon.colcon_core.environment:create_environment_scripts_only(tb4_autonav_interfaces)
[1.061s] DEBUG:colcon.colcon_core.event_handler.log_command:Invoked command in '/home/tony/25_ws/build/tb4_autonav_interfaces' returned '0': CMAKE_PREFIX_PATH=${CMAKE_PREFIX_PATH}:/home/tony/ros2_ws/install/witmotion_ros_driver:/home/tony/ros2_ws/install/ros2_aruco:/home/tony/ros2_ws/install/interbotix_xs_modules:/home/tony/ros2_ws/install/interbotix_perception_modules:/home/tony/ros2_ws/install/interbotix_common_modules:/home/tony/ros2_ws/install/detection:/home/tony/new_ws/install/project:/home/tony/25_ws/install/tb4_autonav:/home/tony/24fall_EE211_ws/install/turtlebot4_tests:/home/tony/24fall_EE211_ws/install/turtlebot4_diagnostics:/opt/ros/humble /usr/bin/cmake --install /home/tony/25_ws/build/tb4_autonav_interfaces
[1.064s] Level 1:colcon.colcon_core.environment:checking '/home/tony/25_ws/install/tb4_autonav_interfaces' for CMake module files
[1.064s] Level 1:colcon.colcon_core.environment:checking '/home/tony/25_ws/install/tb4_autonav_interfaces' for CMake config files
[1.064s] Level 1:colcon.colcon_core.shell:create_environment_hook('tb4_autonav_interfaces', 'cmake_prefix_path')
[1.064s] INFO:colcon.colcon_core.shell:Creating environment hook '/home/tony/25_ws/install/tb4_autonav_interfaces/share/tb4_autonav_interfaces/hook/cmake_prefix_path.ps1'
[1.065s] INFO:colcon.colcon_core.shell:Creating environment descriptor '/home/tony/25_ws/install/tb4_autonav_interfaces/share/tb4_autonav_interfaces/hook/cmake_prefix_path.dsv'
[1.065s] INFO:colcon.colcon_core.shell:Creating environment hook '/home/tony/25_ws/install/tb4_autonav_interfaces/share/tb4_autonav_interfaces/hook/cmake_prefix_path.sh'
[1.066s] Level 1:colcon.colcon_core.environment:checking '/home/tony/25_ws/install/tb4_autonav_interfaces/lib'
[1.066s] Level 1:colcon.colcon_core.shell:create_environment_hook('tb4_autonav_interfaces', 'ld_library_path_lib')
[1.066s] INFO:colcon.colcon_core.shell:Creating environment hook '/home/tony/25_ws/install/tb4_autonav_interfaces/share/tb4_autonav_interfaces/hook/ld_library_path_lib.ps1'
[1.067s] INFO:colcon.colcon_core.shell:Creating environment descriptor '/home/tony/25_ws/install/tb4_autonav_interfaces/share/tb4_autonav_interfaces/hook/ld_library_path_lib.dsv'
[1.067s] INFO:colcon.colcon_core.shell:Creating environment hook '/home/tony/25_ws/install/tb4_autonav_interfaces/share/tb4_autonav_interfaces/hook/ld_library_path_lib.sh'
[1.067s] Level 1:colcon.colcon_core.environment:checking '/home/tony/25_ws/install/tb4_autonav_interfaces/bin'
[1.067s] Level 1:colcon.colcon_core.environment:checking '/home/tony/25_ws/install/tb4_autonav_interfaces/lib/pkgconfig/tb4_autonav_interfaces.pc'
[1.067s] Level 1:colcon.colcon_core.environment:checking '/home/tony/25_ws/install/tb4_autonav_interfaces/lib/python3.10/site-packages'
[1.068s] Level 1:colcon.colcon_core.environment:checking '/home/tony/25_ws/install/tb4_autonav_interfaces/bin'
[1.068s] INFO:colcon.colcon_core.shell:Creating package script '/home/tony/25_ws/install/tb4_autonav_interfaces/share/tb4_autonav_interfaces/package.ps1'
[1.069s] INFO:colcon.colcon_core.shell:Creating package descriptor '/home/tony/25_ws/install/tb4_autonav_interfaces/share/tb4_autonav_interfaces/package.dsv'
[1.069s] INFO:colcon.colcon_core.shell:Creating package script '/home/tony/25_ws/install/tb4_autonav_interfaces/share/tb4_autonav_interfaces/package.sh'
[1.070s] INFO:colcon.colcon_core.shell:Creating package script '/home/tony/25_ws/install/tb4_autonav_interfaces/share/tb4_autonav_interfaces/package.bash'
[1.071s] INFO:colcon.colcon_core.shell:Creating package script '/home/tony/25_ws/install/tb4_autonav_interfaces/share/tb4_autonav_interfaces/package.zsh'
[1.071s] Level 1:colcon.colcon_core.environment:create_file_with_runtime_dependencies(/home/tony/25_ws/install/tb4_autonav_interfaces/share/colcon-core/packages/tb4_autonav_interfaces)
[1.072s] Level 1:colcon.colcon_core.environment:create_environment_scripts_only(tb4_autonav_interfaces)
[1.072s] Level 1:colcon.colcon_core.environment:checking '/home/tony/25_ws/install/tb4_autonav_interfaces' for CMake module files
[1.072s] Level 1:colcon.colcon_core.environment:checking '/home/tony/25_ws/install/tb4_autonav_interfaces' for CMake config files
[1.072s] Level 1:colcon.colcon_core.shell:create_environment_hook('tb4_autonav_interfaces', 'cmake_prefix_path')
[1.073s] INFO:colcon.colcon_core.shell:Creating environment hook '/home/tony/25_ws/install/tb4_autonav_interfaces/share/tb4_autonav_interfaces/hook/cmake_prefix_path.ps1'
[1.073s] INFO:colcon.colcon_core.shell:Creating environment descriptor '/home/tony/25_ws/install/tb4_autonav_interfaces/share/tb4_autonav_interfaces/hook/cmake_prefix_path.dsv'
[1.073s] INFO:colcon.colcon_core.shell:Creating environment hook '/home/tony/25_ws/install/tb4_autonav_interfaces/share/tb4_autonav_interfaces/hook/cmake_prefix_path.sh'
[1.074s] Level 1:colcon.colcon_core.environment:checking '/home/tony/25_ws/install/tb4_autonav_interfaces/lib'
[1.074s] Level 1:colcon.colcon_core.shell:create_environment_hook('tb4_autonav_interfaces', 'ld_library_path_lib')
[1.074s] INFO:colcon.colcon_core.shell:Creating environment hook '/home/tony/25_ws/install/tb4_autonav_interfaces/share/tb4_autonav_interfaces/hook/ld_library_path_lib.ps1'
[1.074s] INFO:colcon.colcon_core.shell:Creating environment descriptor '/home/tony/25_ws/install/tb4_autonav_interfaces/share/tb4_autonav_interfaces/hook/ld_library_path_lib.dsv'
[1.074s] INFO:colcon.colcon_core.shell:Creating environment hook '/home/tony/25_ws/install/tb4_autonav_interfaces/share/tb4_autonav_interfaces/hook/ld_library_path_lib.sh'
[1.075s] Level 1:colcon.colcon_core.environment:checking '/home/tony/25_ws/install/tb4_autonav_interfaces/bin'
[1.075s] Level 1:colcon.colcon_core.environment:checking '/home/tony/25_ws/install/tb4_autonav_interfaces/lib/pkgconfig/tb4_autonav_interfaces.pc'
[1.075s] Level 1:colcon.colcon_core.environment:checking '/home/tony/25_ws/install/tb4_autonav_interfaces/lib/python3.10/site-packages'
[1.075s] Level 1:colcon.colcon_core.environment:checking '/home/tony/25_ws/install/tb4_autonav_interfaces/bin'
[1.075s] INFO:colcon.colcon_core.shell:Creating package script '/home/tony/25_ws/install/tb4_autonav_interfaces/share/tb4_autonav_interfaces/package.ps1'
[1.076s] INFO:colcon.colcon_core.shell:Creating package descriptor '/home/tony/25_ws/install/tb4_autonav_interfaces/share/tb4_autonav_interfaces/package.dsv'
[1.076s] INFO:colcon.colcon_core.shell:Creating package script '/home/tony/25_ws/install/tb4_autonav_interfaces/share/tb4_autonav_interfaces/package.sh'
[1.076s] INFO:colcon.colcon_core.shell:Creating package script '/home/tony/25_ws/install/tb4_autonav_interfaces/share/tb4_autonav_interfaces/package.bash'
[1.076s] INFO:colcon.colcon_core.shell:Creating package script '/home/tony/25_ws/install/tb4_autonav_interfaces/share/tb4_autonav_interfaces/package.zsh'
[1.077s] Level 1:colcon.colcon_core.environment:create_file_with_runtime_dependencies(/home/tony/25_ws/install/tb4_autonav_interfaces/share/colcon-core/packages/tb4_autonav_interfaces)
[1.077s] INFO:colcon.colcon_ros.task.ament_python.build:Building ROS package in '/home/tony/25_ws/src/tb4_autonav' with build type 'ament_python'
[1.077s] Level 1:colcon.colcon_core.shell:create_environment_hook('tb4_autonav', 'ament_prefix_path')
[1.077s] INFO:colcon.colcon_core.shell:Creating environment hook '/home/tony/25_ws/install/tb4_autonav/share/tb4_autonav/hook/ament_prefix_path.ps1'
[1.078s] INFO:colcon.colcon_core.shell:Creating environment descriptor '/home/tony/25_ws/install/tb4_autonav/share/tb4_autonav/hook/ament_prefix_path.dsv'
[1.078s] INFO:colcon.colcon_core.shell:Creating environment hook '/home/tony/25_ws/install/tb4_autonav/share/tb4_autonav/hook/ament_prefix_path.sh'
[1.078s] INFO:colcon.colcon_core.shell:Skip shell extension 'powershell' for command environment: Not usable outside of PowerShell
[1.079s] DEBUG:colcon.colcon_core.shell:Skip shell extension 'dsv' for command environment
[1.084s] Level 1:colcon.colcon_core.environment:create_environment_scripts_only(demo_interfaces_test)
[1.084s] Level 1:colcon.colcon_core.environment:checking '/home/tony/25_ws/install/demo_interfaces_test' for CMake module files
[1.085s] DEBUG:colcon.colcon_core.event_handler.log_command:Invoked command in '/home/tony/25_ws/build/demo_interfaces_test' returned '0': CMAKE_PREFIX_PATH=${CMAKE_PREFIX_PATH}:/home/tony/ros2_ws/install/witmotion_ros_driver:/home/tony/ros2_ws/install/ros2_aruco:/home/tony/ros2_ws/install/interbotix_xs_modules:/home/tony/ros2_ws/install/interbotix_perception_modules:/home/tony/ros2_ws/install/interbotix_common_modules:/home/tony/ros2_ws/install/detection:/home/tony/new_ws/install/project:/home/tony/25_ws/install/tb4_autonav:/home/tony/24fall_EE211_ws/install/turtlebot4_tests:/home/tony/24fall_EE211_ws/install/turtlebot4_diagnostics:/opt/ros/humble /usr/bin/cmake --install /home/tony/25_ws/build/demo_interfaces_test
[1.085s] Level 1:colcon.colcon_core.environment:checking '/home/tony/25_ws/install/demo_interfaces_test' for CMake config files
[1.085s] Level 1:colcon.colcon_core.shell:create_environment_hook('demo_interfaces_test', 'cmake_prefix_path')
[1.085s] INFO:colcon.colcon_core.shell:Creating environment hook '/home/tony/25_ws/install/demo_interfaces_test/share/demo_interfaces_test/hook/cmake_prefix_path.ps1'
[1.086s] INFO:colcon.colcon_core.shell:Creating environment descriptor '/home/tony/25_ws/install/demo_interfaces_test/share/demo_interfaces_test/hook/cmake_prefix_path.dsv'
[1.086s] INFO:colcon.colcon_core.shell:Creating environment hook '/home/tony/25_ws/install/demo_interfaces_test/share/demo_interfaces_test/hook/cmake_prefix_path.sh'
[1.086s] Level 1:colcon.colcon_core.environment:checking '/home/tony/25_ws/install/demo_interfaces_test/lib'
[1.086s] Level 1:colcon.colcon_core.shell:create_environment_hook('demo_interfaces_test', 'ld_library_path_lib')
[1.086s] INFO:colcon.colcon_core.shell:Creating environment hook '/home/tony/25_ws/install/demo_interfaces_test/share/demo_interfaces_test/hook/ld_library_path_lib.ps1'
[1.087s] INFO:colcon.colcon_core.shell:Creating environment descriptor '/home/tony/25_ws/install/demo_interfaces_test/share/demo_interfaces_test/hook/ld_library_path_lib.dsv'
[1.087s] INFO:colcon.colcon_core.shell:Creating environment hook '/home/tony/25_ws/install/demo_interfaces_test/share/demo_interfaces_test/hook/ld_library_path_lib.sh'
[1.087s] Level 1:colcon.colcon_core.environment:checking '/home/tony/25_ws/install/demo_interfaces_test/bin'
[1.087s] Level 1:colcon.colcon_core.environment:checking '/home/tony/25_ws/install/demo_interfaces_test/lib/pkgconfig/demo_interfaces_test.pc'
[1.088s] Level 1:colcon.colcon_core.environment:checking '/home/tony/25_ws/install/demo_interfaces_test/lib/python3.10/site-packages'
[1.088s] Level 1:colcon.colcon_core.environment:checking '/home/tony/25_ws/install/demo_interfaces_test/bin'
[1.088s] INFO:colcon.colcon_core.shell:Creating package script '/home/tony/25_ws/install/demo_interfaces_test/share/demo_interfaces_test/package.ps1'
[1.088s] INFO:colcon.colcon_core.shell:Creating package descriptor '/home/tony/25_ws/install/demo_interfaces_test/share/demo_interfaces_test/package.dsv'
[1.089s] INFO:colcon.colcon_core.shell:Creating package script '/home/tony/25_ws/install/demo_interfaces_test/share/demo_interfaces_test/package.sh'
[1.089s] INFO:colcon.colcon_core.shell:Creating package script '/home/tony/25_ws/install/demo_interfaces_test/share/demo_interfaces_test/package.bash'
[1.089s] INFO:colcon.colcon_core.shell:Creating package script '/home/tony/25_ws/install/demo_interfaces_test/share/demo_interfaces_test/package.zsh'
[1.090s] Level 1:colcon.colcon_core.environment:create_file_with_runtime_dependencies(/home/tony/25_ws/install/demo_interfaces_test/share/colcon-core/packages/demo_interfaces_test)
[1.090s] Level 1:colcon.colcon_core.environment:create_environment_scripts_only(demo_interfaces_test)
[1.090s] Level 1:colcon.colcon_core.environment:checking '/home/tony/25_ws/install/demo_interfaces_test' for CMake module files
[1.091s] Level 1:colcon.colcon_core.environment:checking '/home/tony/25_ws/install/demo_interfaces_test' for CMake config files
[1.091s] Level 1:colcon.colcon_core.shell:create_environment_hook('demo_interfaces_test', 'cmake_prefix_path')
[1.091s] INFO:colcon.colcon_core.shell:Creating environment hook '/home/tony/25_ws/install/demo_interfaces_test/share/demo_interfaces_test/hook/cmake_prefix_path.ps1'
[1.091s] INFO:colcon.colcon_core.shell:Creating environment descriptor '/home/tony/25_ws/install/demo_interfaces_test/share/demo_interfaces_test/hook/cmake_prefix_path.dsv'
[1.092s] INFO:colcon.colcon_core.shell:Creating environment hook '/home/tony/25_ws/install/demo_interfaces_test/share/demo_interfaces_test/hook/cmake_prefix_path.sh'
[1.092s] Level 1:colcon.colcon_core.environment:checking '/home/tony/25_ws/install/demo_interfaces_test/lib'
[1.092s] Level 1:colcon.colcon_core.shell:create_environment_hook('demo_interfaces_test', 'ld_library_path_lib')
[1.092s] INFO:colcon.colcon_core.shell:Creating environment hook '/home/tony/25_ws/install/demo_interfaces_test/share/demo_interfaces_test/hook/ld_library_path_lib.ps1'
[1.092s] INFO:colcon.colcon_core.shell:Creating environment descriptor '/home/tony/25_ws/install/demo_interfaces_test/share/demo_interfaces_test/hook/ld_library_path_lib.dsv'
[1.093s] INFO:colcon.colcon_core.shell:Creating environment hook '/home/tony/25_ws/install/demo_interfaces_test/share/demo_interfaces_test/hook/ld_library_path_lib.sh'
[1.093s] Level 1:colcon.colcon_core.environment:checking '/home/tony/25_ws/install/demo_interfaces_test/bin'
[1.093s] Level 1:colcon.colcon_core.environment:checking '/home/tony/25_ws/install/demo_interfaces_test/lib/pkgconfig/demo_interfaces_test.pc'
[1.093s] Level 1:colcon.colcon_core.environment:checking '/home/tony/25_ws/install/demo_interfaces_test/lib/python3.10/site-packages'
[1.093s] Level 1:colcon.colcon_core.environment:checking '/home/tony/25_ws/install/demo_interfaces_test/bin'
[1.093s] INFO:colcon.colcon_core.shell:Creating package script '/home/tony/25_ws/install/demo_interfaces_test/share/demo_interfaces_test/package.ps1'
[1.094s] INFO:colcon.colcon_core.shell:Creating package descriptor '/home/tony/25_ws/install/demo_interfaces_test/share/demo_interfaces_test/package.dsv'
[1.094s] INFO:colcon.colcon_core.shell:Creating package script '/home/tony/25_ws/install/demo_interfaces_test/share/demo_interfaces_test/package.sh'
[1.094s] INFO:colcon.colcon_core.shell:Creating package script '/home/tony/25_ws/install/demo_interfaces_test/share/demo_interfaces_test/package.bash'
[1.095s] INFO:colcon.colcon_core.shell:Creating package script '/home/tony/25_ws/install/demo_interfaces_test/share/demo_interfaces_test/package.zsh'
[1.095s] Level 1:colcon.colcon_core.environment:create_file_with_runtime_dependencies(/home/tony/25_ws/install/demo_interfaces_test/share/colcon-core/packages/demo_interfaces_test)
[1.351s] INFO:colcon.colcon_core.task.python.build:Building Python package in '/home/tony/25_ws/src/tb4_autonav'
[1.352s] INFO:colcon.colcon_core.shell:Skip shell extension 'powershell' for command environment: Not usable outside of PowerShell
[1.352s] DEBUG:colcon.colcon_core.shell:Skip shell extension 'dsv' for command environment
[1.790s] DEBUG:colcon.colcon_core.event_handler.log_command:Invoking command in '/home/tony/25_ws/src/tb4_autonav': CMAKE_PREFIX_PATH=/home/tony/25_ws/install/tb4_autonav_interfaces:/home/tony/ros2_ws/install/witmotion_ros:/home/tony/ros2_ws/install/ros2_aruco_interfaces:/home/tony/ros2_ws/install/pan_tilt_driver:/home/tony/ros2_ws/install/pan_tilt_msgs:/home/tony/ros2_ws/install/pan_tilt_description:/home/tony/ros2_ws/install/pan_tilt_bringup:/home/tony/ros2_ws/install/iqr_tb4_navigation:/home/tony/ros2_ws/install/iqr_tb4_description:/home/tony/ros2_ws/install/iqr_tb4_bringup:/home/tony/ros2_ws/install/interbotix_ros_xsarms_examples:/home/tony/ros2_ws/install/interbotix_xsarm_moveit_interface:/home/tony/ros2_ws/install/interbotix_ros_xsarms:/home/tony/ros2_ws/install/interbotix_xsarm_moveit:/home/tony/ros2_ws/install/interbotix_xsarm_sim:/home/tony/ros2_ws/install/interbotix_xsarm_ros_control:/home/tony/ros2_ws/install/interbotix_xsarm_joy:/home/tony/ros2_ws/install/interbotix_xsarm_control:/home/tony/ros2_ws/install/interbotix_xsarm_descriptions:/home/tony/ros2_ws/install/interbotix_xs_toolbox:/home/tony/ros2_ws/install/interbotix_xs_rviz:/home/tony/ros2_ws/install/interbotix_ros_xseries:/home/tony/ros2_ws/install/interbotix_xs_sdk:/home/tony/ros2_ws/install/interbotix_xs_ros_control:/home/tony/ros2_ws/install/interbotix_perception_toolbox:/home/tony/ros2_ws/install/interbotix_perception_pipelines:/home/tony/ros2_ws/install/interbotix_xs_msgs:/home/tony/ros2_ws/install/interbotix_xs_driver:/home/tony/ros2_ws/install/interbotix_tf_tools:/home/tony/ros2_ws/install/interbotix_perception_msgs:/home/tony/ros2_ws/install/interbotix_moveit_interface:/home/tony/ros2_ws/install/interbotix_moveit_interface_msgs:/home/tony/ros2_ws/install/interbotix_common_toolbox:/home/tony/ros2_ws/install/interbotix_common_sim:/home/tony/ros2_ws/install/dynamixel_workbench_toolbox:/home/tony/25_ws/install/demo_interfaces_test:/home/tony/24fall_EE211_ws/install/turtlebot4_robot:/home/tony/24fall_EE211_ws/install/turtlebot4_bringup:/home/tony/24fall_EE211_ws/install/turtlebot4_base LD_LIBRARY_PATH=/home/tony/25_ws/install/tb4_autonav_interfaces/lib:/home/tony/ros2_ws/install/witmotion_ros/lib:/home/tony/ros2_ws/install/ros2_aruco_interfaces/lib:/home/tony/ros2_ws/install/pan_tilt_msgs/lib:/home/tony/ros2_ws/install/interbotix_xs_rviz/lib:/home/tony/ros2_ws/install/interbotix_xs_ros_control/lib:/home/tony/ros2_ws/install/interbotix_xs_msgs/lib:/home/tony/ros2_ws/install/interbotix_xs_driver/lib:/home/tony/ros2_ws/install/interbotix_tf_tools/lib:/home/tony/ros2_ws/install/interbotix_perception_msgs/lib:/home/tony/ros2_ws/install/interbotix_moveit_interface_msgs/lib:/home/tony/ros2_ws/install/dynamixel_workbench_toolbox/lib:/home/tony/25_ws/install/demo_interfaces_test/lib:/usr/lib/x86_64-linux-gnu/gazebo-11/plugins:/opt/ros/humble/opt/rviz_ogre_vendor/lib:/opt/rti.com/rti_connext_dds-6.0.1/lib/x64Linux4gcc7.3.0:/opt/rti.com/rti_connext_dds-6.0.1/bin:/opt/ros/humble/lib/x86_64-linux-gnu:/usr/share/gurumdds/cmake/../../../lib:/opt/ros/humble/lib PYTHONPATH=/home/tony/25_ws/build/tb4_autonav/prefix_override:/usr/lib/python3/dist-packages/colcon_core/task/python/colcon_distutils_commands:/home/tony/25_ws/install/tb4_autonav/lib/python3.10/site-packages:${PYTHONPATH} /usr/bin/python3 -W ignore:setup.py install is deprecated -W ignore:easy_install command is deprecated setup.py egg_info --egg-base ../../build/tb4_autonav build --build-base /home/tony/25_ws/build/tb4_autonav/build install --record /home/tony/25_ws/build/tb4_autonav/install.log --single-version-externally-managed install_data
[2.066s] Level 1:colcon.colcon_core.environment:checking '/home/tony/25_ws/install/tb4_autonav' for CMake module files
[2.066s] DEBUG:colcon.colcon_core.event_handler.log_command:Invoked command in '/home/tony/25_ws/src/tb4_autonav' returned '0': CMAKE_PREFIX_PATH=/home/tony/25_ws/install/tb4_autonav_interfaces:/home/tony/ros2_ws/install/witmotion_ros:/home/tony/ros2_ws/install/ros2_aruco_interfaces:/home/tony/ros2_ws/install/pan_tilt_driver:/home/tony/ros2_ws/install/pan_tilt_msgs:/home/tony/ros2_ws/install/pan_tilt_description:/home/tony/ros2_ws/install/pan_tilt_bringup:/home/tony/ros2_ws/install/iqr_tb4_navigation:/home/tony/ros2_ws/install/iqr_tb4_description:/home/tony/ros2_ws/install/iqr_tb4_bringup:/home/tony/ros2_ws/install/interbotix_ros_xsarms_examples:/home/tony/ros2_ws/install/interbotix_xsarm_moveit_interface:/home/tony/ros2_ws/install/interbotix_ros_xsarms:/home/tony/ros2_ws/install/interbotix_xsarm_moveit:/home/tony/ros2_ws/install/interbotix_xsarm_sim:/home/tony/ros2_ws/install/interbotix_xsarm_ros_control:/home/tony/ros2_ws/install/interbotix_xsarm_joy:/home/tony/ros2_ws/install/interbotix_xsarm_control:/home/tony/ros2_ws/install/interbotix_xsarm_descriptions:/home/tony/ros2_ws/install/interbotix_xs_toolbox:/home/tony/ros2_ws/install/interbotix_xs_rviz:/home/tony/ros2_ws/install/interbotix_ros_xseries:/home/tony/ros2_ws/install/interbotix_xs_sdk:/home/tony/ros2_ws/install/interbotix_xs_ros_control:/home/tony/ros2_ws/install/interbotix_perception_toolbox:/home/tony/ros2_ws/install/interbotix_perception_pipelines:/home/tony/ros2_ws/install/interbotix_xs_msgs:/home/tony/ros2_ws/install/interbotix_xs_driver:/home/tony/ros2_ws/install/interbotix_tf_tools:/home/tony/ros2_ws/install/interbotix_perception_msgs:/home/tony/ros2_ws/install/interbotix_moveit_interface:/home/tony/ros2_ws/install/interbotix_moveit_interface_msgs:/home/tony/ros2_ws/install/interbotix_common_toolbox:/home/tony/ros2_ws/install/interbotix_common_sim:/home/tony/ros2_ws/install/dynamixel_workbench_toolbox:/home/tony/25_ws/install/demo_interfaces_test:/home/tony/24fall_EE211_ws/install/turtlebot4_robot:/home/tony/24fall_EE211_ws/install/turtlebot4_bringup:/home/tony/24fall_EE211_ws/install/turtlebot4_base LD_LIBRARY_PATH=/home/tony/25_ws/install/tb4_autonav_interfaces/lib:/home/tony/ros2_ws/install/witmotion_ros/lib:/home/tony/ros2_ws/install/ros2_aruco_interfaces/lib:/home/tony/ros2_ws/install/pan_tilt_msgs/lib:/home/tony/ros2_ws/install/interbotix_xs_rviz/lib:/home/tony/ros2_ws/install/interbotix_xs_ros_control/lib:/home/tony/ros2_ws/install/interbotix_xs_msgs/lib:/home/tony/ros2_ws/install/interbotix_xs_driver/lib:/home/tony/ros2_ws/install/interbotix_tf_tools/lib:/home/tony/ros2_ws/install/interbotix_perception_msgs/lib:/home/tony/ros2_ws/install/interbotix_moveit_interface_msgs/lib:/home/tony/ros2_ws/install/dynamixel_workbench_toolbox/lib:/home/tony/25_ws/install/demo_interfaces_test/lib:/usr/lib/x86_64-linux-gnu/gazebo-11/plugins:/opt/ros/humble/opt/rviz_ogre_vendor/lib:/opt/rti.com/rti_connext_dds-6.0.1/lib/x64Linux4gcc7.3.0:/opt/rti.com/rti_connext_dds-6.0.1/bin:/opt/ros/humble/lib/x86_64-linux-gnu:/usr/share/gurumdds/cmake/../../../lib:/opt/ros/humble/lib PYTHONPATH=/home/tony/25_ws/build/tb4_autonav/prefix_override:/usr/lib/python3/dist-packages/colcon_core/task/python/colcon_distutils_commands:/home/tony/25_ws/install/tb4_autonav/lib/python3.10/site-packages:${PYTHONPATH} /usr/bin/python3 -W ignore:setup.py install is deprecated -W ignore:easy_install command is deprecated setup.py egg_info --egg-base ../../build/tb4_autonav build --build-base /home/tony/25_ws/build/tb4_autonav/build install --record /home/tony/25_ws/build/tb4_autonav/install.log --single-version-externally-managed install_data
[2.066s] Level 1:colcon.colcon_core.environment:checking '/home/tony/25_ws/install/tb4_autonav' for CMake config files
[2.067s] Level 1:colcon.colcon_core.environment:checking '/home/tony/25_ws/install/tb4_autonav/lib'
[2.067s] Level 1:colcon.colcon_core.environment:checking '/home/tony/25_ws/install/tb4_autonav/bin'
[2.067s] Level 1:colcon.colcon_core.environment:checking '/home/tony/25_ws/install/tb4_autonav/lib/pkgconfig/tb4_autonav.pc'
[2.067s] Level 1:colcon.colcon_core.environment:checking '/home/tony/25_ws/install/tb4_autonav/lib/python3.10/site-packages'
[2.067s] Level 1:colcon.colcon_core.shell:create_environment_hook('tb4_autonav', 'pythonpath')
[2.067s] INFO:colcon.colcon_core.shell:Creating environment hook '/home/tony/25_ws/install/tb4_autonav/share/tb4_autonav/hook/pythonpath.ps1'
[2.068s] INFO:colcon.colcon_core.shell:Creating environment descriptor '/home/tony/25_ws/install/tb4_autonav/share/tb4_autonav/hook/pythonpath.dsv'
[2.068s] INFO:colcon.colcon_core.shell:Creating environment hook '/home/tony/25_ws/install/tb4_autonav/share/tb4_autonav/hook/pythonpath.sh'
[2.068s] Level 1:colcon.colcon_core.environment:checking '/home/tony/25_ws/install/tb4_autonav/bin'
[2.069s] Level 1:colcon.colcon_core.environment:create_environment_scripts_only(tb4_autonav)
[2.069s] INFO:colcon.colcon_core.shell:Creating package script '/home/tony/25_ws/install/tb4_autonav/share/tb4_autonav/package.ps1'
[2.069s] INFO:colcon.colcon_core.shell:Creating package descriptor '/home/tony/25_ws/install/tb4_autonav/share/tb4_autonav/package.dsv'
[2.069s] INFO:colcon.colcon_core.shell:Creating package script '/home/tony/25_ws/install/tb4_autonav/share/tb4_autonav/package.sh'
[2.070s] INFO:colcon.colcon_core.shell:Creating package script '/home/tony/25_ws/install/tb4_autonav/share/tb4_autonav/package.bash'
[2.070s] INFO:colcon.colcon_core.shell:Creating package script '/home/tony/25_ws/install/tb4_autonav/share/tb4_autonav/package.zsh'
[2.070s] Level 1:colcon.colcon_core.environment:create_file_with_runtime_dependencies(/home/tony/25_ws/install/tb4_autonav/share/colcon-core/packages/tb4_autonav)
[2.070s] DEBUG:colcon.colcon_parallel_executor.executor.parallel:closing loop
[2.070s] DEBUG:colcon.colcon_parallel_executor.executor.parallel:loop closed
[2.070s] DEBUG:colcon.colcon_parallel_executor.executor.parallel:run_until_complete finished with '0'
[2.070s] DEBUG:colcon.colcon_core.event_reactor:joining thread
[2.076s] INFO:colcon.colcon_core.plugin_system:Skipping extension 'colcon_notification.desktop_notification.terminal_notifier': Not used on non-Darwin systems
[2.076s] INFO:colcon.colcon_core.plugin_system:Skipping extension 'colcon_notification.desktop_notification.win32': Not used on non-Windows systems
[2.076s] INFO:colcon.colcon_notification.desktop_notification:Sending desktop notification using 'notify2'
[2.088s] DEBUG:colcon.colcon_core.event_reactor:joined thread
[2.088s] INFO:colcon.colcon_core.shell:Creating prefix script '/home/tony/25_ws/install/local_setup.ps1'
[2.089s] INFO:colcon.colcon_core.shell:Creating prefix util module '/home/tony/25_ws/install/_local_setup_util_ps1.py'
[2.091s] INFO:colcon.colcon_core.shell:Creating prefix chain script '/home/tony/25_ws/install/setup.ps1'
[2.093s] INFO:colcon.colcon_core.shell:Creating prefix script '/home/tony/25_ws/install/local_setup.sh'
[2.094s] INFO:colcon.colcon_core.shell:Creating prefix util module '/home/tony/25_ws/install/_local_setup_util_sh.py'
[2.094s] INFO:colcon.colcon_core.shell:Creating prefix chain script '/home/tony/25_ws/install/setup.sh'
[2.096s] INFO:colcon.colcon_core.shell:Creating prefix script '/home/tony/25_ws/install/local_setup.bash'
[2.097s] INFO:colcon.colcon_core.shell:Creating prefix chain script '/home/tony/25_ws/install/setup.bash'
[2.098s] INFO:colcon.colcon_core.shell:Creating prefix script '/home/tony/25_ws/install/local_setup.zsh'
[2.099s] INFO:colcon.colcon_core.shell:Creating prefix chain script '/home/tony/25_ws/install/setup.zsh'
